"review","aspect","answer","ip","session"
"81ca6e9c-9247-4c5a-9461-56222f1d2943",c9c33581-7574-4b5c-9fea-184977d30231,0,"3.78.232.236",
"1d2c9802-a593-49e5-8981-64849a70e9a6",bb6625fd-7d5e-43a8-8709-ff55d3dce54e,0,"3.78.232.236",
"1f36dc51-7ce2-489c-9da6-521be692f1f6","7544eeab-22fa-4c9e-bb73-106b67e75be2",2,"46.39.53.204",
"65c6e3aa-35c2-479a-9406-69624d6c796d",b6c1ca7e-40a8-4322-b83e-d0da892dd1df,2,"46.39.53.204",
e5c56a65-2cdc-4ec6-ab05-6b99f4ba8afc,b6c1ca7e-40a8-4322-b83e-d0da892dd1df,2,"46.39.53.204",
"95ebe866-13da-46cb-90b4-490902bb2d9a",bb6625fd-7d5e-43a8-8709-ff55d3dce54e,2,"46.39.53.204",
bc464081-90e5-404d-8aea-ed7673bcad2c,"32a9e6c3-bc2a-4b06-93e3-e8229ff7fd94",2,"46.39.53.204",
"3a8904ae-bbeb-49a7-90e1-daf21db2a708","7544eeab-22fa-4c9e-bb73-106b67e75be2",1,"46.39.53.204",
c2f2843c-ebe9-4d91-825c-d3c8d0dfed3e,"5d3b2e5c-8c64-46bc-bb7c-c197bb1e642b",2,"46.39.53.204",
a5ad246c-d4ef-460e-9ff5-29639feddca8,b6c1ca7e-40a8-4322-b83e-d0da892dd1df,1,"46.39.53.204",
"84781788-c398-4b8c-b7d7-9e7d1830e2d4","7544eeab-22fa-4c9e-bb73-106b67e75be2",2,"46.39.53.204",
"00ce7da4-27dc-41b7-825e-d9c501defabb","654d26ad-dd28-4097-86df-39508776d3ea",2,"46.39.53.204",
"0b7f47bb-d8c1-40cf-ba46-f00bfe6bac34",b6c1ca7e-40a8-4322-b83e-d0da892dd1df,2,"46.39.53.204",
"294dd6ae-0e9b-4dd5-bd52-e9560b5e7bd1","7544eeab-22fa-4c9e-bb73-106b67e75be2",2,"46.39.53.204",
"6d11d5d5-0392-4e71-8f16-8089466ce4a6",bb6625fd-7d5e-43a8-8709-ff55d3dce54e,2,"213.87.163.226",
d9e9e4a4-906f-4094-8d42-68cf04282b32,"7544eeab-22fa-4c9e-bb73-106b67e75be2",2,"213.87.163.226",
eeeb73ce-46d3-47fa-b023-3c1805bf3a93,"654d26ad-dd28-4097-86df-39508776d3ea",2,"213.87.163.226",
"7049eaca-e6ea-4d24-86f2-48e2e402c63c","5d3b2e5c-8c64-46bc-bb7c-c197bb1e642b",2,"213.87.163.226",
cc439a13-4455-474c-b34e-79a903d51a39,"32a9e6c3-bc2a-4b06-93e3-e8229ff7fd94",1,"213.87.163.226",
e218ea81-ca27-407b-9737-eb1d7213791b,bb6625fd-7d5e-43a8-8709-ff55d3dce54e,2,"213.87.163.226",
"95d09b06-f35a-430f-9206-2e4fe53f2bc0",b6c1ca7e-40a8-4322-b83e-d0da892dd1df,1,"213.87.163.226",
a2b31e6e-62e3-4cf2-b730-f760fab44acf,faaf2cee-d718-4b0e-8d6a-56633d0181d7,1,"213.87.163.226",
"1038597b-a24b-4836-ac3d-918136a41ee0","654d26ad-dd28-4097-86df-39508776d3ea",2,"213.87.163.226",
de1a5c2b-4be8-4621-beaf-bf0149817132,faaf2cee-d718-4b0e-8d6a-56633d0181d7,1,"213.87.163.226",
"34703539-0cd7-4335-b781-4d89aaf2b900",b6c1ca7e-40a8-4322-b83e-d0da892dd1df,1,"213.87.163.226",
bc65ffcd-deae-4093-8d5a-a8672399966b,"32a9e6c3-bc2a-4b06-93e3-e8229ff7fd94",1,"213.87.163.226",
e2c21b17-6e8c-4b80-aa7d-64006feb3dff,bb6625fd-7d5e-43a8-8709-ff55d3dce54e,2,"213.87.163.226",
"1ea2ad31-1f4a-400e-bd17-12edeea9c6cd","32a9e6c3-bc2a-4b06-93e3-e8229ff7fd94",1,"213.87.163.226",
"9e4ecc48-83f9-4d25-b9f5-cf1dc37a6d3b",b6c1ca7e-40a8-4322-b83e-d0da892dd1df,2,"213.87.163.226",
"982cdffc-f334-4987-b0d2-c447bc6be830",e9d8bc5c-73e7-4735-be71-3f2f5893c8e5,1,"213.87.148.39",
ce4fdd04-c0a7-42ed-831c-ccffaa434307,bb6625fd-7d5e-43a8-8709-ff55d3dce54e,2,"213.87.148.39",
df80df62-3115-4258-b35a-b1b00e196e56,e9d8bc5c-73e7-4735-be71-3f2f5893c8e5,1,"213.87.148.39",
cc447a11-bb8a-49ae-80a4-6b1e8314c485,"7544eeab-22fa-4c9e-bb73-106b67e75be2",2,"213.87.148.39",
"25247695-3f6b-4272-8a34-f91f8b14b7e4",b6c1ca7e-40a8-4322-b83e-d0da892dd1df,2,"213.87.148.39",
cd8b8b46-2d31-4ee1-935b-b7a8b131bee7,c9c33581-7574-4b5c-9fea-184977d30231,2,"213.87.148.39",
f330b1ca-8075-4b8f-8204-c8f827caa5a5,faaf2cee-d718-4b0e-8d6a-56633d0181d7,0,"213.87.148.39",
"74da580e-5d36-44ec-baec-4fbaaf943f0c",e9d8bc5c-73e7-4735-be71-3f2f5893c8e5,2,"213.87.148.39",
"1305e45d-de15-4183-b26c-1052f2767222",faaf2cee-d718-4b0e-8d6a-56633d0181d7,0,"213.87.148.39",
cdfbdf75-08e9-453f-a77e-72d6ffddbc84,"5d3b2e5c-8c64-46bc-bb7c-c197bb1e642b",0,"213.87.148.39",
"31957202-69d1-448d-8827-a89d25f89812",e9d8bc5c-73e7-4735-be71-3f2f5893c8e5,1,"213.87.148.39",
da204433-7311-4d5b-9291-340e5da519a5,b6c1ca7e-40a8-4322-b83e-d0da892dd1df,1,"213.87.148.39",
"1528ba87-75cb-49a7-97a3-f2a48321b095",bb6625fd-7d5e-43a8-8709-ff55d3dce54e,2,"213.87.148.39",
e42efcb9-3a08-484a-8135-7e51e8fa63d3,c9c33581-7574-4b5c-9fea-184977d30231,1,"213.87.148.39",
"70f1a462-d133-4d0d-8f02-b63d2671447e","32a9e6c3-bc2a-4b06-93e3-e8229ff7fd94",1,"213.87.148.39",
"8b79bbc7-287f-465c-a41a-5aee463112d7",c9c33581-7574-4b5c-9fea-184977d30231,1,"213.87.148.39",
cbbe7bb2-620a-47ae-90b7-a873a5637a21,bb6625fd-7d5e-43a8-8709-ff55d3dce54e,1,"213.87.148.39",
"2a4ad0b6-2b67-48c8-b378-e2a079f4dbcc","32a9e6c3-bc2a-4b06-93e3-e8229ff7fd94",1,"213.87.148.39",
"5761337f-80ce-4569-9c8f-8309ac4dc616",e9d8bc5c-73e7-4735-be71-3f2f5893c8e5,1,"213.87.148.39",
"3c5bddb5-b18d-467e-bfdf-2a09fc3cc4fd",b6c1ca7e-40a8-4322-b83e-d0da892dd1df,1,"213.87.148.39",
c45fd3b2-9f9d-4a7d-995e-6fc922c7cb32,b6c1ca7e-40a8-4322-b83e-d0da892dd1df,1,"213.87.148.39",
"9c14f4e6-69df-4868-9d70-518e42565812","7544eeab-22fa-4c9e-bb73-106b67e75be2",2,"213.87.148.39",
e4155fee-b8e4-4a6d-8eac-35252c13037d,faaf2cee-d718-4b0e-8d6a-56633d0181d7,1,"213.87.148.39",
"7d8c57ad-85a7-44a8-ae1e-15402878e195",c9c33581-7574-4b5c-9fea-184977d30231,2,"213.87.134.240",
"360f98a3-2c9e-48a3-946d-06f5d8f5de93",bb6625fd-7d5e-43a8-8709-ff55d3dce54e,2,"213.87.134.240",
"32cefb4f-e549-437a-992c-c5d326d21dcd",bb6625fd-7d5e-43a8-8709-ff55d3dce54e,2,"213.87.134.240",
"25676db4-57bd-4e84-8f6a-4cf496fef5ea",e9d8bc5c-73e7-4735-be71-3f2f5893c8e5,0,"213.87.134.240",
e1657d21-c0e1-4444-a009-037b90e81244,"5d3b2e5c-8c64-46bc-bb7c-c197bb1e642b",1,"213.87.134.240",
"0f32f51a-e884-47ad-9741-dbecbbda02c1","5d3b2e5c-8c64-46bc-bb7c-c197bb1e642b",1,"213.87.134.240",
"4d61e756-2405-420f-ae6e-97fda3e3fc17",e9d8bc5c-73e7-4735-be71-3f2f5893c8e5,2,"213.87.134.240",
"22510e53-aa95-4cf9-b3c1-d0f7fd38150e",bb6625fd-7d5e-43a8-8709-ff55d3dce54e,2,"213.87.134.240",
"668159e6-f305-4ab9-8040-316db4dd990f","32a9e6c3-bc2a-4b06-93e3-e8229ff7fd94",0,"213.87.134.240",
"82db15df-4720-4b65-9d08-d4d5c24e537c",c9c33581-7574-4b5c-9fea-184977d30231,1,"213.87.134.240",
e896a62e-7950-4cc4-a40c-648cdfac7cbb,b6c1ca7e-40a8-4322-b83e-d0da892dd1df,1,"213.87.134.240",
"50020b0e-245a-4d30-8404-be9acfce0fd9",e9d8bc5c-73e7-4735-be71-3f2f5893c8e5,1,"213.87.134.240",
c113186a-6ae6-4d90-96ce-5c8314fdbf8e,b6c1ca7e-40a8-4322-b83e-d0da892dd1df,1,"213.87.134.240",
"5c909100-9d7d-4b28-b0eb-f2617c1c93fc",b6c1ca7e-40a8-4322-b83e-d0da892dd1df,2,"213.87.134.240",
c6ea12d7-adbb-4664-85f7-3d28e2636cef,bb6625fd-7d5e-43a8-8709-ff55d3dce54e,2,"213.87.134.240",
e31bb827-0ba6-494e-868d-a0d7fd768add,c9c33581-7574-4b5c-9fea-184977d30231,1,"213.87.134.240",
a1f7d49c-55e1-479c-a183-33d72f7d80d2,b6c1ca7e-40a8-4322-b83e-d0da892dd1df,2,"91.77.160.163",
"7122db28-0802-4170-8fb3-c7290fdb9458","5d3b2e5c-8c64-46bc-bb7c-c197bb1e642b",1,"134.209.201.186",
"5b827545-fd97-49ea-b88a-e983de667f6a",bb6625fd-7d5e-43a8-8709-ff55d3dce54e,2,"134.209.201.186",
"3ea0ff7e-0a76-41b1-b8a4-361dce1c0ea3",faaf2cee-d718-4b0e-8d6a-56633d0181d7,2,"134.209.201.186",
"65c4d254-8ddd-421d-aecf-b4ccba6a9305","654d26ad-dd28-4097-86df-39508776d3ea",2,"134.209.201.186",
"416be231-3739-431b-b872-304f9322cb4c","32a9e6c3-bc2a-4b06-93e3-e8229ff7fd94",0,"134.209.201.186",
"3f3ad1cd-4954-46a6-bfb9-04df0644f7fd","7544eeab-22fa-4c9e-bb73-106b67e75be2",1,"134.209.201.186",
d881ddd9-9351-4e13-b413-7aa0dcd58444,b6c1ca7e-40a8-4322-b83e-d0da892dd1df,1,"134.209.201.186",
abc552a8-1091-4e0e-9f91-1cd07d7c4f78,b6c1ca7e-40a8-4322-b83e-d0da892dd1df,2,"134.209.201.186",
fa89b68c-b6b1-4f0e-bb77-77e15142bcd1,"654d26ad-dd28-4097-86df-39508776d3ea",2,"134.209.201.186",
"47309148-ae2e-44c1-a992-3af2a51f1ec4",b6c1ca7e-40a8-4322-b83e-d0da892dd1df,2,"134.209.201.186",
c4cb42e3-9e39-4970-a6c8-0dec8903acf5,"32a9e6c3-bc2a-4b06-93e3-e8229ff7fd94",1,"134.209.201.186",
"96a0b800-fbd0-45d3-857b-a4a508cad01b",bb6625fd-7d5e-43a8-8709-ff55d3dce54e,2,"134.209.201.186",
ffb9c890-e50c-4e90-ae20-12bb6e1b944d,"654d26ad-dd28-4097-86df-39508776d3ea",2,"134.209.201.186",
e0c4eb66-3c25-45ef-bde2-f5dd79644e5b,bb6625fd-7d5e-43a8-8709-ff55d3dce54e,2,"134.209.201.186",
c0d977a2-ba98-41f6-9d6d-d0a0e1bc5ada,e9d8bc5c-73e7-4735-be71-3f2f5893c8e5,1,"134.209.201.186",
"4e22aee1-b13e-48b3-b590-5038aa278ef3","5d3b2e5c-8c64-46bc-bb7c-c197bb1e642b",1,"134.209.201.186",
"5f2b6cbc-5bcc-4acd-a9fc-38c31703e781","7544eeab-22fa-4c9e-bb73-106b67e75be2",1,"134.209.201.186",
"67e335ff-ed13-414a-ab57-42c8a0b032e5",c9c33581-7574-4b5c-9fea-184977d30231,1,"134.209.201.186",
c41137e5-3194-4836-be5e-2f3dd48d0d7b,bb6625fd-7d5e-43a8-8709-ff55d3dce54e,2,"134.209.201.186",
"3da79131-4c9b-4c73-a0b4-8653c500e1c5","32a9e6c3-bc2a-4b06-93e3-e8229ff7fd94",1,"134.209.201.186",
"77d8a779-c832-4937-a691-6af213165eef","654d26ad-dd28-4097-86df-39508776d3ea",2,"134.209.201.186",
ef9edb42-244b-4114-bace-aa51889b09ed,"7544eeab-22fa-4c9e-bb73-106b67e75be2",2,"134.209.201.186",
"30a49397-31b0-4155-bac6-265f459b2f98",bb6625fd-7d5e-43a8-8709-ff55d3dce54e,2,"134.209.201.186",
"14b4c36a-acf0-4f04-ab8f-199b9d321233","7544eeab-22fa-4c9e-bb73-106b67e75be2",2,"134.209.201.186",
"87f9fdaa-4a33-4ce1-becd-12e6b8fe6361",c9c33581-7574-4b5c-9fea-184977d30231,1,"134.209.201.186",
e9670c0c-2572-4f9a-a1a0-da0469fc3903,b6c1ca7e-40a8-4322-b83e-d0da892dd1df,2,"213.87.137.20",
"8dd9379d-7929-49af-94c5-bf461a229cd2","654d26ad-dd28-4097-86df-39508776d3ea",2,"213.87.137.20",
"2811ad18-246e-40a0-afa2-17effacb52d7","32a9e6c3-bc2a-4b06-93e3-e8229ff7fd94",1,"213.87.137.20",
"5e053201-dde7-457f-9ffc-4282be1a789d",b6c1ca7e-40a8-4322-b83e-d0da892dd1df,2,"213.87.137.20",
c1f89aa4-36a0-4bbc-b5cb-1e75604de13e,"654d26ad-dd28-4097-86df-39508776d3ea",1,"213.87.137.20",
"20030e3d-c6a9-4d99-b9b7-f00bc1b69e42","32a9e6c3-bc2a-4b06-93e3-e8229ff7fd94",2,"213.87.137.20",
aa0a811e-3f81-4c70-8f0c-6233966b5d4b,faaf2cee-d718-4b0e-8d6a-56633d0181d7,1,"213.87.137.20",
"773450f7-b502-40fd-bbe2-a4da13c7106c","7544eeab-22fa-4c9e-bb73-106b67e75be2",2,"213.87.137.20",
ec759ced-7e7f-4a92-89c6-a72a07c0bac1,"5d3b2e5c-8c64-46bc-bb7c-c197bb1e642b",2,"213.87.137.20",
ace1b019-1cdf-43cf-888d-957cbbda58dc,b6c1ca7e-40a8-4322-b83e-d0da892dd1df,2,"213.87.137.20",
"359b95ea-067d-41b9-8c5d-25d07a5754fd",faaf2cee-d718-4b0e-8d6a-56633d0181d7,1,"213.87.137.20",
"11baefbc-94d0-4f1c-b02a-f537d77cee96",b6c1ca7e-40a8-4322-b83e-d0da892dd1df,1,"213.87.137.20",
"709a0ffc-4a6b-4819-a60c-b94dd211a7eb","7544eeab-22fa-4c9e-bb73-106b67e75be2",2,"213.87.137.20",
"1f10400c-e3c5-45d1-9de8-6d91f91d3595",b6c1ca7e-40a8-4322-b83e-d0da892dd1df,2,"213.87.137.20",
"73823071-b1c1-4589-9ff0-a714b782d8fa",e9d8bc5c-73e7-4735-be71-3f2f5893c8e5,0,"213.87.137.20",
a7139c34-335e-48b6-a3af-035aa4dd8158,"32a9e6c3-bc2a-4b06-93e3-e8229ff7fd94",1,"213.87.137.20",
d29c44a9-b1d6-4c99-9ef7-055f4438ad41,e9d8bc5c-73e7-4735-be71-3f2f5893c8e5,1,"213.87.137.20",
"4a54e850-99bb-4c75-9a2e-6e511f6ee619","32a9e6c3-bc2a-4b06-93e3-e8229ff7fd94",1,"213.87.137.20",
"3630778d-6119-4773-a55a-afdd04762f15",b6c1ca7e-40a8-4322-b83e-d0da892dd1df,1,"213.87.137.20",
"8e49cd3c-0089-4aeb-aba8-8bf4b99cad15","654d26ad-dd28-4097-86df-39508776d3ea",2,"213.87.137.20",
"69d75ed8-b131-4c60-a105-5e97cf580a3f",e9d8bc5c-73e7-4735-be71-3f2f5893c8e5,0,"213.87.137.20",
a87c23a3-a2d9-4235-bdde-b9a13279f688,c9c33581-7574-4b5c-9fea-184977d30231,1,"213.87.137.20",
f17614b7-cbba-4903-b12f-3a98c33d682e,"7544eeab-22fa-4c9e-bb73-106b67e75be2",2,"213.87.137.20",
a2390468-2469-4637-a5cf-592616af88e6,"5d3b2e5c-8c64-46bc-bb7c-c197bb1e642b",1,"213.87.137.20",
cea4cdc0-0f4c-4113-affb-aeb67f0b3f2e,e9d8bc5c-73e7-4735-be71-3f2f5893c8e5,1,"213.87.137.20",
f0a86870-7d63-4593-a0b5-fe06b92d6f02,b6c1ca7e-40a8-4322-b83e-d0da892dd1df,1,"213.87.137.20",
e8cb49c9-37b4-4e7f-a6b1-260618b6accc,b6c1ca7e-40a8-4322-b83e-d0da892dd1df,2,"213.87.137.20",
b5dc005e-46c6-45af-b443-ad55f08f1881,"32a9e6c3-bc2a-4b06-93e3-e8229ff7fd94",1,"213.87.137.20",
"9b8b401d-554a-4a21-9d22-6520125b5203",c9c33581-7574-4b5c-9fea-184977d30231,2,"213.87.137.20",
"10230f85-8632-448c-aa9a-5b2bc5eecbf3","654d26ad-dd28-4097-86df-39508776d3ea",2,"213.87.137.20",
"82a3688f-076d-409f-90e9-91e0a13f2356","32a9e6c3-bc2a-4b06-93e3-e8229ff7fd94",1,"213.87.137.20",
dadb4139-ef2c-42d3-8f18-f9aa427cf588,b6c1ca7e-40a8-4322-b83e-d0da892dd1df,2,"213.87.137.20",
"9a0ef12f-45ac-4377-9f7c-e731e4bbf66c","7544eeab-22fa-4c9e-bb73-106b67e75be2",1,"213.87.137.20",
e4b30ae6-203b-40d3-b993-316bfe17bc8d,c9c33581-7574-4b5c-9fea-184977d30231,1,"213.87.137.20",
"21c38fe9-bcf3-47eb-85c7-9e2fcfa5f29f",b6c1ca7e-40a8-4322-b83e-d0da892dd1df,2,"213.87.137.20",
f2f79f5c-1270-4b5b-991f-426fd8945ae3,bb6625fd-7d5e-43a8-8709-ff55d3dce54e,2,"213.87.137.20",
"1c1e02c7-50bd-4093-bdb3-d192d7d92bd3",b6c1ca7e-40a8-4322-b83e-d0da892dd1df,2,"213.87.137.20",
"5ea5a7a1-a2fb-4627-9c3f-2acfe2245876",faaf2cee-d718-4b0e-8d6a-56633d0181d7,1,"213.87.137.20",
"8730dbe3-b876-41d3-875e-cc6fb055aba3","5d3b2e5c-8c64-46bc-bb7c-c197bb1e642b",0,"213.87.137.20",
b25c1e66-79b5-4577-96bd-efb28703c92f,bb6625fd-7d5e-43a8-8709-ff55d3dce54e,1,"213.87.137.20",
"020837e1-cf73-4d81-bcd3-607b044091fc","654d26ad-dd28-4097-86df-39508776d3ea",2,"213.87.137.20",
ed5a4c9c-b671-43d9-8a66-dd72c6d9452e,"654d26ad-dd28-4097-86df-39508776d3ea",2,"213.87.137.20",
"04962d9b-be77-49a2-9872-91a414dee7c1",c9c33581-7574-4b5c-9fea-184977d30231,2,"213.87.137.20",
"2013ee34-0a6d-4cd8-9d6f-efe5f8ea13ca","7544eeab-22fa-4c9e-bb73-106b67e75be2",1,"213.87.137.20",
"675f5b0f-1c43-438a-90c4-c24f51211aca","7544eeab-22fa-4c9e-bb73-106b67e75be2",2,"213.87.137.20",
daa5eaa1-e2d8-4bf6-a372-d392e4feddac,bb6625fd-7d5e-43a8-8709-ff55d3dce54e,2,"213.87.137.20",
ed252620-9e3e-49e1-828d-283f290ce368,"654d26ad-dd28-4097-86df-39508776d3ea",1,"213.87.137.20",
dfc0ae8d-e121-4c02-8594-9260c1823cfe,b6c1ca7e-40a8-4322-b83e-d0da892dd1df,2,"213.87.137.20",
"5c349b69-856d-40f3-a6bf-62799092395d",bb6625fd-7d5e-43a8-8709-ff55d3dce54e,2,"213.87.137.20",
d5b6f70f-3adc-4c58-9ddd-437e147c79b8,"32a9e6c3-bc2a-4b06-93e3-e8229ff7fd94",1,"213.87.137.20",
"57d686e1-fe5a-47ec-b4db-fd126dad81d6","5d3b2e5c-8c64-46bc-bb7c-c197bb1e642b",2,"213.87.137.20",
"81785dd3-3b88-4e69-bd8f-74a8381241d4",c9c33581-7574-4b5c-9fea-184977d30231,2,"213.87.137.20",
a3a25a16-2ecc-44d5-9e5c-c6007841a63e,"5d3b2e5c-8c64-46bc-bb7c-c197bb1e642b",2,"213.87.137.20",
"69d6e556-74b1-43cc-b48a-cfb3e616a379",bb6625fd-7d5e-43a8-8709-ff55d3dce54e,1,"213.87.137.20",
"18ebe7d1-bf1e-4f48-a318-ad08c1ab8139","32a9e6c3-bc2a-4b06-93e3-e8229ff7fd94",1,"213.87.137.20",
fad6a322-2c27-47b9-9595-7cbe923da603,e9d8bc5c-73e7-4735-be71-3f2f5893c8e5,1,"213.87.137.20",
d2c4fd85-f3ba-41e7-84cd-d3a3c8ab3748,"654d26ad-dd28-4097-86df-39508776d3ea",2,"213.87.137.20",
"54573415-7f5e-476d-97ed-c10b641e31ea",bb6625fd-7d5e-43a8-8709-ff55d3dce54e,1,"213.87.137.20",
"90842200-e9b9-4e17-bcab-1c73b3f4be19",b6c1ca7e-40a8-4322-b83e-d0da892dd1df,1,"213.87.137.20",
"9318820e-1d00-495d-a740-37dd369ad8b6","5d3b2e5c-8c64-46bc-bb7c-c197bb1e642b",2,"213.87.137.20",
dca026f0-c1fb-4b0a-af44-24bdcca39e59,"7544eeab-22fa-4c9e-bb73-106b67e75be2",2,"213.87.137.20",
fdf99042-2d41-41b9-9aa7-a16ebb3c17fa,"7544eeab-22fa-4c9e-bb73-106b67e75be2",2,"213.87.137.20",
b6db42d9-7ecd-4b8c-a98e-526847ce8c9b,"5d3b2e5c-8c64-46bc-bb7c-c197bb1e642b",1,"213.87.137.20",
"8a7c4788-28a6-4dae-a32a-f9ff0d5893c0",e9d8bc5c-73e7-4735-be71-3f2f5893c8e5,1,"213.87.137.20",
"64a3303d-634c-453b-b607-f14a777bf3f8","7544eeab-22fa-4c9e-bb73-106b67e75be2",2,"213.87.137.20",
"0de4e62d-0c13-4e29-861c-c3418642fa8b",faaf2cee-d718-4b0e-8d6a-56633d0181d7,1,"213.87.137.20",
"5aedf9a2-f905-4121-906f-881de3881601","5d3b2e5c-8c64-46bc-bb7c-c197bb1e642b",1,"213.87.137.20",
"167fd125-c188-41e9-ba16-71cd057bb140","32a9e6c3-bc2a-4b06-93e3-e8229ff7fd94",1,"213.87.137.20",
f6058b69-62e5-4f3b-8ea7-89222bd27d87,b6c1ca7e-40a8-4322-b83e-d0da892dd1df,1,"213.87.137.20",
b4255470-1a2e-4a2c-84bc-39037b8642f2,"7544eeab-22fa-4c9e-bb73-106b67e75be2",2,"213.87.137.20",
"1227f8db-3e4c-494b-9bef-10cd2e896a99",bb6625fd-7d5e-43a8-8709-ff55d3dce54e,2,"213.87.137.20",
d1af02d1-778a-4c66-a7f0-40aba6ec0bd9,"5d3b2e5c-8c64-46bc-bb7c-c197bb1e642b",1,"213.87.137.20",
a11e2627-73dd-42d7-bf4d-9d9bc7cee2e6,"7544eeab-22fa-4c9e-bb73-106b67e75be2",2,"213.87.137.20",
"5f9200ec-2110-4ffe-9157-cf851afb87ef",b6c1ca7e-40a8-4322-b83e-d0da892dd1df,2,"213.87.137.20",
e71d6de0-506e-4941-b364-aafc43f3ee77,bb6625fd-7d5e-43a8-8709-ff55d3dce54e,2,"213.87.137.20",
"52181522-1d82-412f-9144-c6aeddf2b53e",faaf2cee-d718-4b0e-8d6a-56633d0181d7,1,"213.87.137.20",
ab9a2612-29bc-48a4-a8c2-496324d6a1d5,"7544eeab-22fa-4c9e-bb73-106b67e75be2",2,"213.87.137.20",
"160b20ce-08b8-4ff4-9351-76296c9e4e8a","5d3b2e5c-8c64-46bc-bb7c-c197bb1e642b",2,"213.87.137.20",
"6c60269d-1395-43cd-8e48-b1da83612e0c","5d3b2e5c-8c64-46bc-bb7c-c197bb1e642b",2,"213.87.137.20",
"3b5216b3-81f7-440e-b98f-0db61884d259","32a9e6c3-bc2a-4b06-93e3-e8229ff7fd94",1,"213.87.137.20",
e83ec3fa-468b-42a4-a702-31cdbe344cc8,c9c33581-7574-4b5c-9fea-184977d30231,1,"213.87.137.20",
d24492db-46b4-4f79-a34b-2c7983cd6313,bb6625fd-7d5e-43a8-8709-ff55d3dce54e,1,"213.87.137.20",
"8409843f-fcf4-4c95-8a19-73bb9af558e9","7544eeab-22fa-4c9e-bb73-106b67e75be2",2,"213.87.137.20",
"722e95fe-b1ea-454e-997d-94c1f28332e8","32a9e6c3-bc2a-4b06-93e3-e8229ff7fd94",2,"213.87.137.20",
"6f9964e3-3d7c-4867-88a9-fe18fa54f952",bb6625fd-7d5e-43a8-8709-ff55d3dce54e,0,"213.87.137.20",
b61ea102-37d0-4d27-9ff6-821fa1c4fb4d,"654d26ad-dd28-4097-86df-39508776d3ea",2,"213.87.137.20",
"2efed370-717b-40b0-b09c-8c8967af2d05","5d3b2e5c-8c64-46bc-bb7c-c197bb1e642b",1,"213.87.137.20",
ded881b1-34f2-43b7-8b46-3b40aebda67a,"32a9e6c3-bc2a-4b06-93e3-e8229ff7fd94",1,"213.87.137.20",
d03e3cd2-9127-4b5f-a284-38d781a5ab9b,b6c1ca7e-40a8-4322-b83e-d0da892dd1df,2,"213.87.137.20",
"4d6e66dc-3db3-445c-adf5-52f7d7cbee02",b6c1ca7e-40a8-4322-b83e-d0da892dd1df,2,"46.39.53.204",
b6a8a8f1-8cd5-4861-8e01-56f708ae9236,faaf2cee-d718-4b0e-8d6a-56633d0181d7,1,"46.39.53.204",
d7743af5-5186-46d3-ae83-286ca5c31df8,faaf2cee-d718-4b0e-8d6a-56633d0181d7,1,"46.39.53.204",
c6153588-0a40-4f3d-9189-12cae6e8728a,"5d3b2e5c-8c64-46bc-bb7c-c197bb1e642b",1,"46.39.53.204",
"4177b74c-e449-4be7-993e-5d356a359fd1",faaf2cee-d718-4b0e-8d6a-56633d0181d7,1,"46.39.53.204",
a6e0f839-0bfa-450c-9a90-8967f5396dd3,"7544eeab-22fa-4c9e-bb73-106b67e75be2",1,"46.39.53.204",
"485812d9-1fd7-4e73-bb36-1751dacd4c9b","5d3b2e5c-8c64-46bc-bb7c-c197bb1e642b",1,"46.39.53.204",
ebc382af-1701-4a42-b102-ab25243f854f,"32a9e6c3-bc2a-4b06-93e3-e8229ff7fd94",1,"46.39.53.204",
"18b38550-0bd1-4e6f-b48c-d9985a96be4f","5d3b2e5c-8c64-46bc-bb7c-c197bb1e642b",1,"46.39.53.204",
"76e2bb5c-f052-4147-9ccd-dc5ec9a12b41",bb6625fd-7d5e-43a8-8709-ff55d3dce54e,2,"46.39.53.204",
bb3ebd24-6976-4ad0-87a8-ce3ab5136679,c9c33581-7574-4b5c-9fea-184977d30231,1,"46.39.53.204",
"3a90a5ad-fd36-4e46-b147-6b7cba5bf578",e9d8bc5c-73e7-4735-be71-3f2f5893c8e5,1,"46.39.53.204",
c395dcc4-2fae-421a-9d32-711ccd5ca363,"7544eeab-22fa-4c9e-bb73-106b67e75be2",1,"46.39.53.204",
f76160c1-59bb-40fc-ac48-e39a88a4081f,"7544eeab-22fa-4c9e-bb73-106b67e75be2",1,"46.39.53.204",
"3e72892b-47d5-43c6-9ed0-5264b0ee0ee7","32a9e6c3-bc2a-4b06-93e3-e8229ff7fd94",1,"46.39.53.204",
"453ab00e-0ed7-4921-81c7-3b874f792069","654d26ad-dd28-4097-86df-39508776d3ea",2,"46.39.53.204",
"99271d3b-c11c-4ff7-a218-b55a9bf834d9",c9c33581-7574-4b5c-9fea-184977d30231,1,"46.39.53.204",
c6a6b8d3-6fe6-4267-96d6-df75af418564,"654d26ad-dd28-4097-86df-39508776d3ea",2,"46.39.53.204",
"37630147-2ce9-4808-9d85-1136691386c3",c9c33581-7574-4b5c-9fea-184977d30231,1,"46.39.53.204",
bb327b4d-bcbf-40df-b396-293b9c00bca3,bb6625fd-7d5e-43a8-8709-ff55d3dce54e,2,"46.39.53.204",
"2bdc027d-9e51-4e51-b86c-992732528a5a","32a9e6c3-bc2a-4b06-93e3-e8229ff7fd94",1,"46.39.53.204",
ed17cf5c-86e6-4b33-8e94-ea57b9d7936f,"7544eeab-22fa-4c9e-bb73-106b67e75be2",2,"46.39.53.204",
f093cef4-1d28-424f-aea9-5adf1a5acfa6,"32a9e6c3-bc2a-4b06-93e3-e8229ff7fd94",1,"46.39.53.204",
d61a7eb1-b484-4fef-b876-2418884c9554,b6c1ca7e-40a8-4322-b83e-d0da892dd1df,2,"46.39.53.204",
"91fca573-3e31-4daa-b38e-5aa0b9fab9bc","32a9e6c3-bc2a-4b06-93e3-e8229ff7fd94",1,"46.39.53.204",
c4d1a269-79a1-4999-afed-ad0e92c2f0d4,"5d3b2e5c-8c64-46bc-bb7c-c197bb1e642b",1,"46.39.53.204",
"229b593f-d8b4-46a1-99ce-5e76542cc0ff","32a9e6c3-bc2a-4b06-93e3-e8229ff7fd94",1,"46.39.53.204",
d175a938-5355-421f-9ba1-d00e80d7dbb6,bb6625fd-7d5e-43a8-8709-ff55d3dce54e,2,"46.39.53.204",
b9c66821-fc9a-4b9e-8ddd-279f1c06f4cf,"7544eeab-22fa-4c9e-bb73-106b67e75be2",2,"46.39.53.204",
b5be944e-6793-4e92-97bc-956ee7cc6228,"7544eeab-22fa-4c9e-bb73-106b67e75be2",2,"46.39.53.204",
f6ed88c2-3b10-4f51-be0f-c346e8f62145,"654d26ad-dd28-4097-86df-39508776d3ea",2,"46.39.53.204",
"169539b7-edc7-4078-b6ef-34fd9bf036ca",b6c1ca7e-40a8-4322-b83e-d0da892dd1df,2,"46.39.53.204",
eaa309e7-e610-40d7-8454-7f22eded51d6,c9c33581-7574-4b5c-9fea-184977d30231,1,"46.39.53.204",
"8124a4f9-1b1a-49e5-9324-f25d1b3e2d2b",b6c1ca7e-40a8-4322-b83e-d0da892dd1df,2,"46.39.53.204",
b3447fbf-eaf3-4a8c-a83e-f3c6ae091c71,"7544eeab-22fa-4c9e-bb73-106b67e75be2",2,"46.39.53.204",
c5feec12-ceff-44b3-8210-67516660262f,faaf2cee-d718-4b0e-8d6a-56633d0181d7,1,"46.39.53.204",
c8541ef5-d26c-4e14-a177-4e02b441869c,"5d3b2e5c-8c64-46bc-bb7c-c197bb1e642b",1,"46.39.53.204",
a2b94745-c635-4108-b00c-6424574132c0,"32a9e6c3-bc2a-4b06-93e3-e8229ff7fd94",1,"46.39.53.204",
"51787c5c-d118-47fa-88f2-a55d7b8410e8",faaf2cee-d718-4b0e-8d6a-56633d0181d7,1,"46.39.53.204",
c40bda24-c80a-4348-bdad-4a58bcc7358b,"7544eeab-22fa-4c9e-bb73-106b67e75be2",2,"46.39.53.204",
"8a9311a6-3632-43d9-9d3b-32b1ca9278fc","32a9e6c3-bc2a-4b06-93e3-e8229ff7fd94",2,"46.39.53.204",
"0565e0e4-b2cb-46b1-a524-df61a0e0f328","5d3b2e5c-8c64-46bc-bb7c-c197bb1e642b",1,"46.39.53.204",
c310a5ad-3773-4a2b-8996-9276efb0bcf2,"7544eeab-22fa-4c9e-bb73-106b67e75be2",2,"46.39.53.204",
b351a886-031b-44a9-b352-bc3d28a2d239,bb6625fd-7d5e-43a8-8709-ff55d3dce54e,1,"46.39.53.204",
"568e93e3-9204-431b-8da9-7c8834bf1adb",bb6625fd-7d5e-43a8-8709-ff55d3dce54e,1,"46.39.53.204",
abcc558f-1a72-4fc5-a813-6c3d552839a4,"32a9e6c3-bc2a-4b06-93e3-e8229ff7fd94",2,"46.39.53.204",
"52b3cfa2-3baa-41e8-8511-9e955d6658b5","32a9e6c3-bc2a-4b06-93e3-e8229ff7fd94",1,"46.39.53.204",
"469a06b1-8b2f-496b-a9c1-930528982f5f",faaf2cee-d718-4b0e-8d6a-56633d0181d7,0,"46.39.53.204",
"2b75f224-4b6e-4f1d-9978-f0593b3fd2c9","32a9e6c3-bc2a-4b06-93e3-e8229ff7fd94",1,"46.39.53.204",
eefeac5c-0c26-428a-9659-f982907d62fa,b6c1ca7e-40a8-4322-b83e-d0da892dd1df,1,"46.39.53.204",
"5d3b0916-5e41-407e-91d3-96101f434bc4",e9d8bc5c-73e7-4735-be71-3f2f5893c8e5,1,"46.39.53.204",
"31a5de0d-dcfa-476a-ae75-8a93c1f90945","32a9e6c3-bc2a-4b06-93e3-e8229ff7fd94",1,"46.39.53.204",
c0c35e67-5ab4-42c6-aeda-13913f1c7124,faaf2cee-d718-4b0e-8d6a-56633d0181d7,1,"46.39.53.204",
"17109bcb-9f5f-4cb3-a5ea-f2166c9411a2","7544eeab-22fa-4c9e-bb73-106b67e75be2",2,"46.39.53.204",
a91a1d43-f4dc-4902-bfc6-17d61e401529,"32a9e6c3-bc2a-4b06-93e3-e8229ff7fd94",1,"46.39.53.204",
b47c5a51-35b7-471f-9c75-fb3ea9207ecd,"32a9e6c3-bc2a-4b06-93e3-e8229ff7fd94",2,"46.39.53.204",
"68344c94-1b46-458b-8726-f60b03d87d13","7544eeab-22fa-4c9e-bb73-106b67e75be2",2,"46.39.53.204",
"43c15e4b-6ae1-4cdc-a4c7-0df9e72d5e7a","5d3b2e5c-8c64-46bc-bb7c-c197bb1e642b",1,"46.39.53.204",
"460ab24a-9cf9-4dfd-8da9-7a13c40bc705",bb6625fd-7d5e-43a8-8709-ff55d3dce54e,1,"46.39.53.204",
b3cc1de2-9a57-442e-9e61-8a7d8b0b832d,faaf2cee-d718-4b0e-8d6a-56633d0181d7,1,"46.39.53.204",
"566690ff-1aa7-4f0d-80ba-66288bc4808d",bb6625fd-7d5e-43a8-8709-ff55d3dce54e,1,"46.39.53.204",
"29ec570f-7e43-4cb5-aacd-753376e2155a","7544eeab-22fa-4c9e-bb73-106b67e75be2",2,"46.39.53.204",
"0522f02b-49dc-4bee-b754-9ff288db90d2",e9d8bc5c-73e7-4735-be71-3f2f5893c8e5,1,"46.39.53.204",
"33e2b4db-91ef-4894-9877-a8fb59134b3d",bb6625fd-7d5e-43a8-8709-ff55d3dce54e,2,"46.39.53.204",
"2a57998e-8e65-4640-8bcf-7c19560dff13",faaf2cee-d718-4b0e-8d6a-56633d0181d7,0,"46.39.53.204",
aefcc026-9494-4f5b-b339-0548a2a5c283,c9c33581-7574-4b5c-9fea-184977d30231,0,"46.39.53.204",
"93d77597-1fda-4ebf-a73f-cdbd673f589b",faaf2cee-d718-4b0e-8d6a-56633d0181d7,2,"46.39.53.204",
"9c516f01-cb51-495e-ba02-5c3a8ad07bf3",bb6625fd-7d5e-43a8-8709-ff55d3dce54e,1,"46.39.53.204",
"5b710c31-fe01-433e-87db-13a71368ed9d",c9c33581-7574-4b5c-9fea-184977d30231,1,"46.39.53.204",
d2ea3aa0-3fb2-416d-a21d-deaa39d7717d,c9c33581-7574-4b5c-9fea-184977d30231,1,"213.87.151.139",
a3fc7a05-9fa5-401a-92fc-5a25794805f0,b6c1ca7e-40a8-4322-b83e-d0da892dd1df,0,"213.87.151.139",
"36536a06-ba70-4ad6-bbea-1dba69bab63e",bb6625fd-7d5e-43a8-8709-ff55d3dce54e,2,"213.87.151.139",
"408ed1ff-022d-4623-a2bd-d4e9d51faab9",e9d8bc5c-73e7-4735-be71-3f2f5893c8e5,1,"213.87.151.139",
"558f7898-a8a7-4856-b435-a6eb4a986e09",faaf2cee-d718-4b0e-8d6a-56633d0181d7,1,"213.87.151.139",
"23a6838f-5fd2-442d-a8d1-849ef6ed2cfb","654d26ad-dd28-4097-86df-39508776d3ea",1,"213.87.151.139",
"953103c7-54d1-400f-b300-e28d3b9738af","5d3b2e5c-8c64-46bc-bb7c-c197bb1e642b",1,"213.87.151.139",
"5482e994-f8e3-4507-8513-c8ce9f1704e4",faaf2cee-d718-4b0e-8d6a-56633d0181d7,2,"213.87.151.139",
"2a57998e-8e65-4640-8bcf-7c19560dff13","5d3b2e5c-8c64-46bc-bb7c-c197bb1e642b",0,"213.87.151.139",
a6c0bbae-065b-4338-90ef-07d771fb0a57,"32a9e6c3-bc2a-4b06-93e3-e8229ff7fd94",2,"213.87.151.139",
"29608f89-ef33-4240-b4d9-ddcf247655d9",faaf2cee-d718-4b0e-8d6a-56633d0181d7,1,"213.87.151.139",
"9f75e03d-3b08-41c0-925f-8305d5f893e0",e9d8bc5c-73e7-4735-be71-3f2f5893c8e5,1,"213.87.151.139",
a54e9201-feae-4fc1-a6d8-777550166e52,"5d3b2e5c-8c64-46bc-bb7c-c197bb1e642b",2,"213.87.151.139",
"8958807b-90d1-4139-b53b-d6f70ba33db4",faaf2cee-d718-4b0e-8d6a-56633d0181d7,1,"213.87.151.139",
"82756106-1872-4a93-beed-c58503e7efe9","5d3b2e5c-8c64-46bc-bb7c-c197bb1e642b",1,"213.87.151.139",
"5dd41ed5-e64a-4fbb-8481-ff0d48e297b9",faaf2cee-d718-4b0e-8d6a-56633d0181d7,1,"213.87.151.139",
"263b8ef2-2014-4cc5-88d6-70f1640fda6b",bb6625fd-7d5e-43a8-8709-ff55d3dce54e,1,"213.87.151.139",
"3979e5a4-c980-4cf7-9834-b359842aef22","5d3b2e5c-8c64-46bc-bb7c-c197bb1e642b",1,"213.87.151.139",
"32cc36ee-ab3d-4da2-890d-54a66b41f417","32a9e6c3-bc2a-4b06-93e3-e8229ff7fd94",1,"213.87.151.139",
"7c63b1a2-d599-48fa-bbf9-b0fa7251b6fc","654d26ad-dd28-4097-86df-39508776d3ea",1,"213.87.151.139",
"271eeec4-4ba1-43a8-8bdd-69a68c01111e","5d3b2e5c-8c64-46bc-bb7c-c197bb1e642b",1,"213.87.151.139",
"962917f0-d584-4fe8-9a42-37c9ee1aab2f",b6c1ca7e-40a8-4322-b83e-d0da892dd1df,2,"213.87.151.139",
"4d00ba2a-9e89-4068-bc3f-791cf43a6d94",bb6625fd-7d5e-43a8-8709-ff55d3dce54e,1,"213.87.151.139",
"9501e6be-fd45-4423-a031-2036a4f37865",bb6625fd-7d5e-43a8-8709-ff55d3dce54e,1,"213.87.151.139",
ea9a2f0a-7391-474b-9983-cd8c0ddf4a84,"32a9e6c3-bc2a-4b06-93e3-e8229ff7fd94",1,"213.87.151.139",
"5b5a1bb0-5528-4cdb-a54d-4b2427887b0c","5d3b2e5c-8c64-46bc-bb7c-c197bb1e642b",2,"213.87.151.139",
"553a1a68-1aa9-4974-97b4-871c5b8dd7d8",c9c33581-7574-4b5c-9fea-184977d30231,0,"213.87.151.139",
d807cf96-f34b-4d12-b5c5-167701e54b38,"5d3b2e5c-8c64-46bc-bb7c-c197bb1e642b",1,"213.87.151.139",
"27d6985c-32f8-4725-b463-b04448a2d2c8",bb6625fd-7d5e-43a8-8709-ff55d3dce54e,2,"213.87.151.139",
"18b98094-24fd-4ca5-aa8f-19205ed6d31a",b6c1ca7e-40a8-4322-b83e-d0da892dd1df,1,"213.87.151.139",
"72bc13a0-47fc-4d40-a528-38be5d3cafe1",b6c1ca7e-40a8-4322-b83e-d0da892dd1df,1,"213.87.151.139",
d5cdb3f2-b2eb-4c53-bb04-1217bf584053,"7544eeab-22fa-4c9e-bb73-106b67e75be2",2,"213.87.151.139",
d69d2199-7b70-4105-a28a-5fc67ce580a1,"654d26ad-dd28-4097-86df-39508776d3ea",2,"213.87.151.139",
"5272387e-35df-43e1-8404-39181a3ed172","654d26ad-dd28-4097-86df-39508776d3ea",2,"213.87.151.139",
"5c41690b-c382-44a2-b561-d71a741b59f1","32a9e6c3-bc2a-4b06-93e3-e8229ff7fd94",1,"213.87.151.139",
"69d57f26-4d8e-46db-a1b5-73725e0b82b3",c9c33581-7574-4b5c-9fea-184977d30231,1,"213.87.151.139",
"558da001-486d-4fc4-b05b-6e4d9e539054","7544eeab-22fa-4c9e-bb73-106b67e75be2",1,"213.87.151.139",
"9ee59096-57be-4765-9fce-851f393bd81a",bb6625fd-7d5e-43a8-8709-ff55d3dce54e,2,"213.87.151.139",
bdb19f43-71f5-4e28-b411-ccd19f4b948b,"654d26ad-dd28-4097-86df-39508776d3ea",2,"213.87.151.139",
cc2649bb-cfea-4df7-b1dd-b78a571e58fe,"32a9e6c3-bc2a-4b06-93e3-e8229ff7fd94",1,"213.87.151.139",
b78db840-e819-4acf-98fa-287ce241ebdd,bb6625fd-7d5e-43a8-8709-ff55d3dce54e,2,"213.87.151.139",
a8919978-9df3-4f97-8483-c37ee8892fc0,b6c1ca7e-40a8-4322-b83e-d0da892dd1df,2,"213.87.151.139",
"84d20f94-f760-4fe8-a2c3-41a6202a8c1c","7544eeab-22fa-4c9e-bb73-106b67e75be2",2,"127.0.0.1","89a4fd065c8ed2d9027e689a18ebd8d37ec6e9af74408155343f45909f32896a"
"22cbdef6-d58a-4ee1-8f59-41fe3236b23d","654d26ad-dd28-4097-86df-39508776d3ea",1,"127.0.0.1","89a4fd065c8ed2d9027e689a18ebd8d37ec6e9af74408155343f45909f32896a"
"5f3856d5-347f-4466-b597-b02db2e5e35c","654d26ad-dd28-4097-86df-39508776d3ea",2,"0.0.0.0",chat
"6e847e2b-3b39-47d7-8a32-ab04fbd1ad16",b6c1ca7e-40a8-4322-b83e-d0da892dd1df,1,"0.0.0.0",chat
f2772c9f-498c-448d-86c4-fcf33122e105,b6c1ca7e-40a8-4322-b83e-d0da892dd1df,2,"0.0.0.0",chat
"719979b9-4173-4f1d-b141-7221086e9547",bb6625fd-7d5e-43a8-8709-ff55d3dce54e,1,"0.0.0.0",chat
da4c2e42-19b1-44c6-ae3f-cebdbe7d6a16,"654d26ad-dd28-4097-86df-39508776d3ea",2,"0.0.0.0",chat
"2ddca898-b2a2-4fd5-aef8-73e7fab5b32f",e9d8bc5c-73e7-4735-be71-3f2f5893c8e5,1,"0.0.0.0",chat
"6a28bdcf-a6b3-483d-84cb-3a7ba84555df",faaf2cee-d718-4b0e-8d6a-56633d0181d7,2,"0.0.0.0",chat
"15f61281-475f-404e-8a6e-7c5ddc154e39",e9d8bc5c-73e7-4735-be71-3f2f5893c8e5,1,"0.0.0.0",chat
"0dea49fc-5d12-4fed-ab43-23247633211a",bb6625fd-7d5e-43a8-8709-ff55d3dce54e,1,"0.0.0.0",chat
"4205a11e-6a69-4300-8562-2ff26f907c50","32a9e6c3-bc2a-4b06-93e3-e8229ff7fd94",0,"0.0.0.0",chat
e3e99323-0085-45ad-bdde-59f63ec659e2,"7544eeab-22fa-4c9e-bb73-106b67e75be2",2,"0.0.0.0",chat
ebdb6a21-4b08-4e52-8f9c-7996978bd7a0,b6c1ca7e-40a8-4322-b83e-d0da892dd1df,1,"0.0.0.0",chat
"040c0d4d-92aa-4275-acc7-3aa3155ed4c4","654d26ad-dd28-4097-86df-39508776d3ea",2,"0.0.0.0",chat
"47ebf02b-c1f2-48e9-b51f-2a54ba944056",c9c33581-7574-4b5c-9fea-184977d30231,1,"0.0.0.0",chat
"2e3d60fe-0c73-4046-a276-94fe7316c67f","5d3b2e5c-8c64-46bc-bb7c-c197bb1e642b",1,"0.0.0.0",chat
"2b7550cf-f9eb-498b-89d9-c7057b3f72ee","654d26ad-dd28-4097-86df-39508776d3ea",2,"0.0.0.0",chat
a4c3f77f-35fe-4351-bc47-9e855d71ffd8,b6c1ca7e-40a8-4322-b83e-d0da892dd1df,1,"0.0.0.0",chat
"5b710c31-fe01-433e-87db-13a71368ed9d","32a9e6c3-bc2a-4b06-93e3-e8229ff7fd94",2,"0.0.0.0",chat
a146edc7-c6ba-4d75-a872-8dda55b639f7,faaf2cee-d718-4b0e-8d6a-56633d0181d7,2,"0.0.0.0",chat
e655b08a-7337-43ee-8f59-127c8793f2a4,"32a9e6c3-bc2a-4b06-93e3-e8229ff7fd94",1,"0.0.0.0",chat
"56b0ecd3-3b19-43bf-99a8-5beace54cb88","5d3b2e5c-8c64-46bc-bb7c-c197bb1e642b",1,"0.0.0.0",chat
d6068d1c-a82a-4791-8759-c1f0976b1bf0,bb6625fd-7d5e-43a8-8709-ff55d3dce54e,2,"0.0.0.0",chat
"384dd2cf-17cd-4b5b-bb79-e7aa4781de94",faaf2cee-d718-4b0e-8d6a-56633d0181d7,1,"0.0.0.0",chat
"0fcb6c41-e6b7-45db-aab5-2d7585c85d71",c9c33581-7574-4b5c-9fea-184977d30231,0,"0.0.0.0",alice
"10ce196c-ae4f-4e4c-8012-557555f62486",c9c33581-7574-4b5c-9fea-184977d30231,1,"0.0.0.0",alice
"496e9670-4bb6-4a0e-8cfb-7608312c9760","32a9e6c3-bc2a-4b06-93e3-e8229ff7fd94",0,"0.0.0.0",alice
a03f6dcc-92de-45d7-adc3-9b9ba13bccd8,"5d3b2e5c-8c64-46bc-bb7c-c197bb1e642b",2,"0.0.0.0",alice
"2f783f70-ff4d-4b84-a868-b29f960b88c9","654d26ad-dd28-4097-86df-39508776d3ea",2,"0.0.0.0",alice
"1cf297ec-ce2d-41c4-aeae-31edc5e6c3e2",b6c1ca7e-40a8-4322-b83e-d0da892dd1df,1,"0.0.0.0",alice
"69537263-ef94-4503-9b43-91f3247d51b2","5d3b2e5c-8c64-46bc-bb7c-c197bb1e642b",2,"0.0.0.0",alice
aabe3668-6220-4516-b1ad-8da03ae831d1,b6c1ca7e-40a8-4322-b83e-d0da892dd1df,1,"0.0.0.0",alice
c989e003-683d-4bc3-b7be-5fc3e6e185a9,c9c33581-7574-4b5c-9fea-184977d30231,1,"0.0.0.0",alice
"7ad18e4f-bb2d-4b0a-a4d8-7720ab5385b8",c9c33581-7574-4b5c-9fea-184977d30231,2,"0.0.0.0",alice
"143aeaed-991a-4789-b689-2003096b991a",bb6625fd-7d5e-43a8-8709-ff55d3dce54e,2,"0.0.0.0",alice
c3a5b151-e088-49b8-934e-0a7346bb974c,b6c1ca7e-40a8-4322-b83e-d0da892dd1df,2,"0.0.0.0",alice
c989e003-683d-4bc3-b7be-5fc3e6e185a9,"32a9e6c3-bc2a-4b06-93e3-e8229ff7fd94",1,"0.0.0.0",alice
da204433-7311-4d5b-9291-340e5da519a5,faaf2cee-d718-4b0e-8d6a-56633d0181d7,1,"0.0.0.0",alice
"65359043-e812-476e-883e-27d30cf94ae3","654d26ad-dd28-4097-86df-39508776d3ea",1,"0.0.0.0",alice
"0b8e8f0e-a617-46db-b29f-d768b2bf6260","7544eeab-22fa-4c9e-bb73-106b67e75be2",2,"0.0.0.0",alice
dc809c2c-fb6f-4771-8c37-59a7478183eb,"7544eeab-22fa-4c9e-bb73-106b67e75be2",2,"0.0.0.0",alice
"692c39df-473a-47f3-9442-fbbb8ba16182","5d3b2e5c-8c64-46bc-bb7c-c197bb1e642b",2,"0.0.0.0",alice
"5b8b3861-357c-4dc4-85e3-b3cb2d5b53e6",b6c1ca7e-40a8-4322-b83e-d0da892dd1df,2,"0.0.0.0",alice
"0fde56db-e626-4550-a132-b358cb8b8a0a",faaf2cee-d718-4b0e-8d6a-56633d0181d7,1,"0.0.0.0",alice
"48e67405-87ed-46cd-b7ba-39d03d201561",e9d8bc5c-73e7-4735-be71-3f2f5893c8e5,1,"0.0.0.0",alice
"45ba7783-8604-46fd-84ce-928247c3a41f","32a9e6c3-bc2a-4b06-93e3-e8229ff7fd94",2,"0.0.0.0",alice
d4976dac-be0c-4494-b8bf-2487339300ec,"32a9e6c3-bc2a-4b06-93e3-e8229ff7fd94",1,"0.0.0.0",alice
"441f5a1e-32ba-44b5-b9a4-034bc36c5ed2","5d3b2e5c-8c64-46bc-bb7c-c197bb1e642b",1,"0.0.0.0",alice
"332ae991-8598-4b0a-b91f-65be98633a7c",bb6625fd-7d5e-43a8-8709-ff55d3dce54e,2,"0.0.0.0",alice
"58cb02a9-089a-4281-ae6d-35e557f71f93","7544eeab-22fa-4c9e-bb73-106b67e75be2",2,"0.0.0.0",alice
"394fcf82-32ab-43b5-aabe-5de42da0fc57","654d26ad-dd28-4097-86df-39508776d3ea",2,"0.0.0.0",alice
"7fb1a94e-9ffb-4398-ac6e-fafd64b8353a",faaf2cee-d718-4b0e-8d6a-56633d0181d7,1,"0.0.0.0",alice
"063a7a4a-c70f-472a-8b8e-63bb0047de73",e9d8bc5c-73e7-4735-be71-3f2f5893c8e5,1,"0.0.0.0",alice
"4d7b142e-185a-43fb-bb1a-8052a5b528ff","5d3b2e5c-8c64-46bc-bb7c-c197bb1e642b",1,"0.0.0.0",alice
"3be4e8c2-e8c8-4892-b7c7-441b7e838f9e",c9c33581-7574-4b5c-9fea-184977d30231,2,"0.0.0.0",alice
"8013cdb3-c092-4c4a-9ccc-715717e3c79c","7544eeab-22fa-4c9e-bb73-106b67e75be2",2,"0.0.0.0",alice
"966cfa1a-382e-4913-b19d-b092fe43d81e",faaf2cee-d718-4b0e-8d6a-56633d0181d7,2,"0.0.0.0",alice
"5b8b3861-357c-4dc4-85e3-b3cb2d5b53e6","654d26ad-dd28-4097-86df-39508776d3ea",2,"0.0.0.0",alice
dac96572-b72f-481b-beb4-632ef5294dfb,b6c1ca7e-40a8-4322-b83e-d0da892dd1df,2,"0.0.0.0",alice
e4c00686-97bc-43fa-b136-3fecd7ef8421,"32a9e6c3-bc2a-4b06-93e3-e8229ff7fd94",1,"0.0.0.0",alice
"5115dfbf-ae96-4e1b-b164-579086f883f9",e9d8bc5c-73e7-4735-be71-3f2f5893c8e5,2,"0.0.0.0",alice
"4a1460c4-4dc0-49cf-a93c-a8532b25fdbd",c9c33581-7574-4b5c-9fea-184977d30231,0,"0.0.0.0",alice
"887581c3-0ed8-4fcc-9938-e628bb7b454f","7544eeab-22fa-4c9e-bb73-106b67e75be2",2,"0.0.0.0",alice
"158ed39b-f49d-43d2-9064-8b5ea49703dc",c9c33581-7574-4b5c-9fea-184977d30231,2,"0.0.0.0",alice
afffb9b1-cc80-4e82-9158-e1e72c26bf30,faaf2cee-d718-4b0e-8d6a-56633d0181d7,2,"0.0.0.0",alice
e96f1ddd-83dd-4a18-bc12-add707cfb71b,c9c33581-7574-4b5c-9fea-184977d30231,0,"0.0.0.0",alice
a7e93bae-69a8-4445-991d-c09227884587,c9c33581-7574-4b5c-9fea-184977d30231,2,"0.0.0.0",alice
"4cf960bd-5eae-4bce-98b0-5d5f41605deb",e9d8bc5c-73e7-4735-be71-3f2f5893c8e5,0,"0.0.0.0",alice
d91b1ac7-0e59-42dc-bde4-cd90bc775278,e9d8bc5c-73e7-4735-be71-3f2f5893c8e5,1,"0.0.0.0",alice
"31407fbc-35f6-4dbf-b9ee-b5cba7fb5df3",b6c1ca7e-40a8-4322-b83e-d0da892dd1df,2,"0.0.0.0",alice
"752d784c-284f-460f-828b-59002163766a","654d26ad-dd28-4097-86df-39508776d3ea",2,"0.0.0.0",alice
e4453363-0489-470e-97ba-50a9e12861d6,e9d8bc5c-73e7-4735-be71-3f2f5893c8e5,2,"0.0.0.0",alice
"5a5e53ad-1e6f-4023-beef-103ac8445807",b6c1ca7e-40a8-4322-b83e-d0da892dd1df,1,"0.0.0.0",alice
ce11fa98-5041-4b49-81d2-02b69cd234cb,"5d3b2e5c-8c64-46bc-bb7c-c197bb1e642b",1,"0.0.0.0",alice
"73106e8e-9907-47e8-98c1-cc347e2defb5","32a9e6c3-bc2a-4b06-93e3-e8229ff7fd94",1,"0.0.0.0",alice
"57dff005-dfef-4ee2-b9bf-9236774cf8cc",e9d8bc5c-73e7-4735-be71-3f2f5893c8e5,1,"0.0.0.0",alice
"0817277a-546f-48ea-86e3-9998016fc72d",faaf2cee-d718-4b0e-8d6a-56633d0181d7,0,"0.0.0.0",alice
"37b1669b-7601-4101-b118-44834d4dadcd","32a9e6c3-bc2a-4b06-93e3-e8229ff7fd94",2,"0.0.0.0",alice
ce455b70-f8c2-4826-a796-c60fa516b3a5,bb6625fd-7d5e-43a8-8709-ff55d3dce54e,2,"0.0.0.0",alice
"89ab4bb6-5f62-47e2-a37d-5d7867078799","654d26ad-dd28-4097-86df-39508776d3ea",1,"0.0.0.0",alice
"39350018-50ea-491b-96dc-0946bd25efbe",faaf2cee-d718-4b0e-8d6a-56633d0181d7,2,"0.0.0.0",alice
"0648dac9-bd25-4fb0-a7b2-f698c0a55c0d",e9d8bc5c-73e7-4735-be71-3f2f5893c8e5,2,"0.0.0.0",alice
"461a8754-701d-490e-9726-262ac30d6f03",c9c33581-7574-4b5c-9fea-184977d30231,1,"0.0.0.0",alice
c7eb4907-94ec-4fd3-aa70-aa5e39c09f72,bb6625fd-7d5e-43a8-8709-ff55d3dce54e,2,"0.0.0.0",alice
"5668f6aa-6ee9-4656-9711-6c5fb22d986c",e9d8bc5c-73e7-4735-be71-3f2f5893c8e5,1,"0.0.0.0",alice
"1203f6ad-8782-4554-a54d-2035af3e5f54",b6c1ca7e-40a8-4322-b83e-d0da892dd1df,1,"0.0.0.0",alice
"04d32e8f-6079-4cc7-a041-96b23ebccb0f",b6c1ca7e-40a8-4322-b83e-d0da892dd1df,1,"0.0.0.0",alice
"5501ffbb-b25b-4c5d-b5df-d053eac06595",faaf2cee-d718-4b0e-8d6a-56633d0181d7,2,"0.0.0.0",alice
"6f91b0c2-b50a-4030-bcc3-9216d43092b3",b6c1ca7e-40a8-4322-b83e-d0da892dd1df,2,"0.0.0.0",alice
f91c2a1d-e031-495a-9c7a-354d2656bdab,"7544eeab-22fa-4c9e-bb73-106b67e75be2",2,"0.0.0.0",alice
"31af8fed-a252-48c4-9f48-e9dd44a91234","7544eeab-22fa-4c9e-bb73-106b67e75be2",2,"0.0.0.0",alice
a4710eee-5e42-48de-aaf4-def14b7966d1,"5d3b2e5c-8c64-46bc-bb7c-c197bb1e642b",1,"0.0.0.0",alice
b06770c8-af88-492e-82aa-d4823c3d73b9,c9c33581-7574-4b5c-9fea-184977d30231,0,"0.0.0.0",alice
fd8d0eb7-d2b5-4b9e-9b70-84599607be55,bb6625fd-7d5e-43a8-8709-ff55d3dce54e,2,"0.0.0.0",alice
"7b92c30b-e910-4dad-92bc-b860b19319a0",b6c1ca7e-40a8-4322-b83e-d0da892dd1df,2,"0.0.0.0",alice
faf78014-0393-4664-a78c-2ae05640b712,b6c1ca7e-40a8-4322-b83e-d0da892dd1df,2,"0.0.0.0",alice
"86699f1f-06ca-460c-b422-dfe8d45dae40",bb6625fd-7d5e-43a8-8709-ff55d3dce54e,2,"0.0.0.0",alice
eaefb413-13e9-4542-b3a4-aff7a35b5daf,c9c33581-7574-4b5c-9fea-184977d30231,0,"0.0.0.0",alice
b8f81e36-6dc0-40d5-bc03-afcf1e7d125e,"7544eeab-22fa-4c9e-bb73-106b67e75be2",2,"0.0.0.0",alice
ca90b322-f471-49bc-8224-1e068be8b8b1,"5d3b2e5c-8c64-46bc-bb7c-c197bb1e642b",1,"0.0.0.0",alice
"5ca25c23-32b8-4b3e-b8b5-0cb287b85b1d",e9d8bc5c-73e7-4735-be71-3f2f5893c8e5,1,"0.0.0.0",alice
aa3b6923-c3cf-48d9-9aff-664a84fc67cc,"5d3b2e5c-8c64-46bc-bb7c-c197bb1e642b",1,"0.0.0.0",alice
"7f46914f-bbcd-40aa-9e03-831b0ccdaac7",bb6625fd-7d5e-43a8-8709-ff55d3dce54e,2,"0.0.0.0",alice
"0baad38c-d50c-456c-a9bc-e0b5cebd9b76",b6c1ca7e-40a8-4322-b83e-d0da892dd1df,1,"0.0.0.0",alice
"7502aebc-373b-4499-bb03-0366da70d007",faaf2cee-d718-4b0e-8d6a-56633d0181d7,2,"0.0.0.0",alice
cba6bd2f-04d3-4d37-b99c-3213c9942b04,b6c1ca7e-40a8-4322-b83e-d0da892dd1df,2,"0.0.0.0",alice
edc09509-eca9-4827-9f0a-400883756138,faaf2cee-d718-4b0e-8d6a-56633d0181d7,2,"0.0.0.0",alice
e78e445a-b8dd-48f2-a827-6145cf85eb6b,b6c1ca7e-40a8-4322-b83e-d0da892dd1df,2,"0.0.0.0",alice
fd993444-738c-4a60-9b43-97ecf5887d2f,b6c1ca7e-40a8-4322-b83e-d0da892dd1df,2,"0.0.0.0",alice
f0b5dc61-f4fd-492a-8b5a-c3ec3a0c82c6,e9d8bc5c-73e7-4735-be71-3f2f5893c8e5,2,"0.0.0.0",alice
"9e3c6c64-f139-4ed2-a0ee-06ee7ba061cb",faaf2cee-d718-4b0e-8d6a-56633d0181d7,2,"0.0.0.0",alice
"79a2bc7f-fc03-4b35-8088-b3b7e00105ad",bb6625fd-7d5e-43a8-8709-ff55d3dce54e,2,"0.0.0.0",alice
ddadec91-e18a-47d0-a88d-52463bbdd3d1,bb6625fd-7d5e-43a8-8709-ff55d3dce54e,2,"0.0.0.0",alice
"25731cbf-8573-4baf-884c-aa1766e45c24",e9d8bc5c-73e7-4735-be71-3f2f5893c8e5,1,"0.0.0.0",alice
f4293ca5-005d-47d6-90c1-bc63279c6e0b,"7544eeab-22fa-4c9e-bb73-106b67e75be2",2,"0.0.0.0",alice
"1245c7cb-4daf-4099-a428-1e401f571cad","5d3b2e5c-8c64-46bc-bb7c-c197bb1e642b",1,"0.0.0.0",alice
bd631d15-664e-4fd9-95d1-d7af8d3b938c,c9c33581-7574-4b5c-9fea-184977d30231,0,"0.0.0.0",alice
fb3e6ba2-154a-4bd1-9384-99a3b1ee291a,faaf2cee-d718-4b0e-8d6a-56633d0181d7,0,"0.0.0.0",alice
a9763a7c-3050-4cdc-8bc5-d6d1320ad587,b6c1ca7e-40a8-4322-b83e-d0da892dd1df,2,"0.0.0.0",alice
"63354ef5-5621-48bf-8a51-d17d1ace7aaf","7544eeab-22fa-4c9e-bb73-106b67e75be2",1,"0.0.0.0",alice
"9a138437-c970-4e38-a821-ade955047b60","7544eeab-22fa-4c9e-bb73-106b67e75be2",2,"0.0.0.0",alice
"8a32cfb1-5542-44bc-9b37-1610ce659b9e","5d3b2e5c-8c64-46bc-bb7c-c197bb1e642b",1,"127.0.0.1","3f971aa58e781ac1a4d575d23eb9df3fa149b6521610eaa89ce4b2f3833ca760"
"8a32cfb1-5542-44bc-9b37-1610ce659b9e","32a9e6c3-bc2a-4b06-93e3-e8229ff7fd94",1,"127.0.0.1","3f971aa58e781ac1a4d575d23eb9df3fa149b6521610eaa89ce4b2f3833ca760"
"8a32cfb1-5542-44bc-9b37-1610ce659b9e",c9c33581-7574-4b5c-9fea-184977d30231,1,"127.0.0.1","3f971aa58e781ac1a4d575d23eb9df3fa149b6521610eaa89ce4b2f3833ca760"
d90b2df4-7d33-46fa-a80b-524897e458a0,"5d3b2e5c-8c64-46bc-bb7c-c197bb1e642b",1,"127.0.0.1","3f971aa58e781ac1a4d575d23eb9df3fa149b6521610eaa89ce4b2f3833ca760"
d90b2df4-7d33-46fa-a80b-524897e458a0,"32a9e6c3-bc2a-4b06-93e3-e8229ff7fd94",1,"127.0.0.1","3f971aa58e781ac1a4d575d23eb9df3fa149b6521610eaa89ce4b2f3833ca760"
d90b2df4-7d33-46fa-a80b-524897e458a0,c9c33581-7574-4b5c-9fea-184977d30231,1,"127.0.0.1","3f971aa58e781ac1a4d575d23eb9df3fa149b6521610eaa89ce4b2f3833ca760"
"14b05f2d-09bc-40a5-853c-6e71d800136a","5d3b2e5c-8c64-46bc-bb7c-c197bb1e642b",1,"127.0.0.1","3f971aa58e781ac1a4d575d23eb9df3fa149b6521610eaa89ce4b2f3833ca760"
"14b05f2d-09bc-40a5-853c-6e71d800136a","32a9e6c3-bc2a-4b06-93e3-e8229ff7fd94",1,"127.0.0.1","3f971aa58e781ac1a4d575d23eb9df3fa149b6521610eaa89ce4b2f3833ca760"
"14b05f2d-09bc-40a5-853c-6e71d800136a","7544eeab-22fa-4c9e-bb73-106b67e75be2",1,"127.0.0.1","3f971aa58e781ac1a4d575d23eb9df3fa149b6521610eaa89ce4b2f3833ca760"
"14b05f2d-09bc-40a5-853c-6e71d800136a",c9c33581-7574-4b5c-9fea-184977d30231,1,"127.0.0.1","3f971aa58e781ac1a4d575d23eb9df3fa149b6521610eaa89ce4b2f3833ca760"
"14b05f2d-09bc-40a5-853c-6e71d800136a",faaf2cee-d718-4b0e-8d6a-56633d0181d7,1,"127.0.0.1","3f971aa58e781ac1a4d575d23eb9df3fa149b6521610eaa89ce4b2f3833ca760"
ca680bfc-23ea-4753-87f8-a6a649590c21,b6c1ca7e-40a8-4322-b83e-d0da892dd1df,1,"127.0.0.1","3f971aa58e781ac1a4d575d23eb9df3fa149b6521610eaa89ce4b2f3833ca760"
ca680bfc-23ea-4753-87f8-a6a649590c21,"32a9e6c3-bc2a-4b06-93e3-e8229ff7fd94",1,"127.0.0.1","3f971aa58e781ac1a4d575d23eb9df3fa149b6521610eaa89ce4b2f3833ca760"
a2f55e62-b626-4268-829e-230410bc5d9a,c9c33581-7574-4b5c-9fea-184977d30231,1,"127.0.0.1","3f971aa58e781ac1a4d575d23eb9df3fa149b6521610eaa89ce4b2f3833ca760"
"713375e4-82fe-4bc7-b93f-696384789c2e",faaf2cee-d718-4b0e-8d6a-56633d0181d7,1,"127.0.0.1","3f971aa58e781ac1a4d575d23eb9df3fa149b6521610eaa89ce4b2f3833ca760"
"713375e4-82fe-4bc7-b93f-696384789c2e",bb6625fd-7d5e-43a8-8709-ff55d3dce54e,1,"127.0.0.1","3f971aa58e781ac1a4d575d23eb9df3fa149b6521610eaa89ce4b2f3833ca760"
ac926282-c25b-4fa3-8474-8e5ea4e25434,c9c33581-7574-4b5c-9fea-184977d30231,1,"0.0.0.0",alice
"8a8e824b-177f-49c8-bb11-44d8d6f3b578","7544eeab-22fa-4c9e-bb73-106b67e75be2",2,"0.0.0.0",alice
"1a32f5a5-bf22-47b6-9304-17fbb5aa7924",faaf2cee-d718-4b0e-8d6a-56633d0181d7,2,"0.0.0.0",alice
"4d0a43d2-9f94-4bd2-b89f-dfd6aff66bde","7544eeab-22fa-4c9e-bb73-106b67e75be2",2,"0.0.0.0",alice
"6abfd416-8bb2-46b1-a877-c4b7b38123f0","7544eeab-22fa-4c9e-bb73-106b67e75be2",2,"0.0.0.0",alice
e4811532-dcd5-4efc-a235-55c3da4812ff,faaf2cee-d718-4b0e-8d6a-56633d0181d7,2,"0.0.0.0",alice
"78779441-13bf-49b2-abfa-852feafe22e5","654d26ad-dd28-4097-86df-39508776d3ea",2,"0.0.0.0",alice
"89d28fe2-77a2-4e5f-8df7-bdfd7686ed73",b6c1ca7e-40a8-4322-b83e-d0da892dd1df,1,"0.0.0.0",alice
"122a5cfa-e36c-4a1e-8a59-25645194c569","5d3b2e5c-8c64-46bc-bb7c-c197bb1e642b",1,"0.0.0.0",alice
"689cb731-b3c7-4b81-86c2-35df861649b5",c9c33581-7574-4b5c-9fea-184977d30231,0,"0.0.0.0",alice
dd8c353a-4014-4ab3-ac62-a5bfe8f40162,"5d3b2e5c-8c64-46bc-bb7c-c197bb1e642b",0,"0.0.0.0",alice
f77e097c-0bca-4e27-aea6-5279d75ebe21,"7544eeab-22fa-4c9e-bb73-106b67e75be2",2,"0.0.0.0",alice
"89d59bf0-472a-4fad-bc71-b3fec0a6b28e","5d3b2e5c-8c64-46bc-bb7c-c197bb1e642b",1,"0.0.0.0",alice
"58cc4268-a3b5-4a76-b736-5f644ecf3f93","654d26ad-dd28-4097-86df-39508776d3ea",0,"0.0.0.0",alice
"4d7b142e-185a-43fb-bb1a-8052a5b528ff","7544eeab-22fa-4c9e-bb73-106b67e75be2",2,"0.0.0.0",alice
c82e7c52-3c2b-47cd-8c39-38e8ddab10f2,"654d26ad-dd28-4097-86df-39508776d3ea",2,"0.0.0.0",alice
d55c1e36-c65a-4b0f-b085-2b96684ca372,"654d26ad-dd28-4097-86df-39508776d3ea",2,"0.0.0.0",alice
"8136d712-0c46-4bc4-8fc7-cd8a406a2fec","5d3b2e5c-8c64-46bc-bb7c-c197bb1e642b",1,"0.0.0.0",alice
"14eea805-0854-4d7d-9703-32b23656249b","5d3b2e5c-8c64-46bc-bb7c-c197bb1e642b",1,"0.0.0.0",alice
d41ce5be-f4e2-45bf-b355-3d49e751f7d5,b6c1ca7e-40a8-4322-b83e-d0da892dd1df,1,"0.0.0.0",alice
"024738ae-2499-4d07-919f-3268ab1f8bf7","32a9e6c3-bc2a-4b06-93e3-e8229ff7fd94",0,"0.0.0.0",alice
d1b4712e-5f59-4301-bc01-5426e7619230,c9c33581-7574-4b5c-9fea-184977d30231,1,"0.0.0.0",alice
"06da075d-d510-4812-a4b7-4f5cc3b32909","32a9e6c3-bc2a-4b06-93e3-e8229ff7fd94",2,"0.0.0.0",alice
"0d669245-d5b7-4e58-bb56-e0484b30a53f","654d26ad-dd28-4097-86df-39508776d3ea",2,"0.0.0.0",alice
b30f0e56-490a-495f-b702-00736882ef8b,"32a9e6c3-bc2a-4b06-93e3-e8229ff7fd94",1,"0.0.0.0",alice
"75da4a6c-fa53-4bbf-9841-73a57d7a5440","32a9e6c3-bc2a-4b06-93e3-e8229ff7fd94",1,"0.0.0.0",alice
"0bce71f5-db5e-4c15-8e16-9152530de28d",b6c1ca7e-40a8-4322-b83e-d0da892dd1df,2,"0.0.0.0",alice
e408e39b-e21c-4ee5-b01e-3e71cda387ed,b6c1ca7e-40a8-4322-b83e-d0da892dd1df,1,"0.0.0.0",alice
"3fca7f8a-05a2-4750-9b38-f448fad5f496",e9d8bc5c-73e7-4735-be71-3f2f5893c8e5,1,"0.0.0.0",alice
a9763a7c-3050-4cdc-8bc5-d6d1320ad587,e9d8bc5c-73e7-4735-be71-3f2f5893c8e5,0,"0.0.0.0",alice
"29e35685-0e76-49ba-8dd0-41d44baa174f","654d26ad-dd28-4097-86df-39508776d3ea",2,"0.0.0.0",alice
"10fea878-a1a1-4df6-b2b7-e70fe021955c",e9d8bc5c-73e7-4735-be71-3f2f5893c8e5,2,"0.0.0.0",alice
cad78623-7d64-42ac-a98f-b75bc36894ef,bb6625fd-7d5e-43a8-8709-ff55d3dce54e,2,"0.0.0.0",alice
ff5ab389-528d-4264-8e97-2a14894132ef,c9c33581-7574-4b5c-9fea-184977d30231,0,"0.0.0.0",alice
"1fc30432-2500-4cf0-b55c-03f4099528de","32a9e6c3-bc2a-4b06-93e3-e8229ff7fd94",1,"0.0.0.0",alice
"12d3fb2e-1ddd-4657-a962-69596b28bed4",faaf2cee-d718-4b0e-8d6a-56633d0181d7,2,"0.0.0.0",alice
"771dc311-04d0-422e-bbd4-4cac5c9df5b2","7544eeab-22fa-4c9e-bb73-106b67e75be2",1,"0.0.0.0",alice
"9bdbc3da-627a-45c9-9a6f-19ccc1a7d5e5","7544eeab-22fa-4c9e-bb73-106b67e75be2",2,"0.0.0.0",alice
f93460e8-2c40-4ff7-985e-f7df8fe97da3,b6c1ca7e-40a8-4322-b83e-d0da892dd1df,1,"0.0.0.0",alice
a888c291-e4a5-4f84-a0a2-633d073bbc4a,e9d8bc5c-73e7-4735-be71-3f2f5893c8e5,2,"0.0.0.0",alice
e9d1e2f6-1219-4c1d-99ac-da195c09fb41,faaf2cee-d718-4b0e-8d6a-56633d0181d7,1,"0.0.0.0",alice
"5f8386e2-39ed-478c-949c-7e63e93926f1","32a9e6c3-bc2a-4b06-93e3-e8229ff7fd94",1,"0.0.0.0",alice
"8488294d-7c7c-4ad5-a75b-dc9d5110a8c0","5d3b2e5c-8c64-46bc-bb7c-c197bb1e642b",1,"0.0.0.0",alice
"5ebfaa57-ac1f-4bcc-be09-7636d28040af",c9c33581-7574-4b5c-9fea-184977d30231,0,"0.0.0.0",alice
"79d0b41c-da53-4ef1-b798-e2c55e70948b",bb6625fd-7d5e-43a8-8709-ff55d3dce54e,2,"0.0.0.0",alice
"20923380-f804-4eeb-ad50-607b7307dd86",bb6625fd-7d5e-43a8-8709-ff55d3dce54e,1,"0.0.0.0",alice
efad75a9-4747-4202-bd64-43bdf6ac229d,"5d3b2e5c-8c64-46bc-bb7c-c197bb1e642b",1,"0.0.0.0",alice
"5b2cddb4-66eb-4a02-8ad2-4488ce4fad70",c9c33581-7574-4b5c-9fea-184977d30231,1,"0.0.0.0",alice
"49e8b1f1-c379-4cf4-a245-18a9ad849af1",e9d8bc5c-73e7-4735-be71-3f2f5893c8e5,0,"0.0.0.0",alice
c1a677be-0aee-483e-80ef-beb6dbfeb3fd,"7544eeab-22fa-4c9e-bb73-106b67e75be2",1,"0.0.0.0",alice
"1bea681b-3710-452f-93fa-0beb4ae64eb2",b6c1ca7e-40a8-4322-b83e-d0da892dd1df,1,"0.0.0.0",alice
ea36aa50-2d06-4327-8ca7-b4f213b51c72,"5d3b2e5c-8c64-46bc-bb7c-c197bb1e642b",2,"0.0.0.0",alice
f2d355c0-b6df-4170-8b8e-6b42c7c1cbbf,c9c33581-7574-4b5c-9fea-184977d30231,1,"0.0.0.0",alice
"2206e779-2eb2-4dda-be0f-cecf96d9042c",c9c33581-7574-4b5c-9fea-184977d30231,1,"0.0.0.0",alice
"5668f6aa-6ee9-4656-9711-6c5fb22d986c",faaf2cee-d718-4b0e-8d6a-56633d0181d7,1,"0.0.0.0",alice
"918f3e9b-2eff-43d6-a88b-d214d48b0ac3",e9d8bc5c-73e7-4735-be71-3f2f5893c8e5,2,"0.0.0.0",alice
"2a62cc6f-3d82-4c91-bb9e-2f27674bd94c",c9c33581-7574-4b5c-9fea-184977d30231,1,"0.0.0.0",alice
"9fbed754-953c-446a-a95c-8735f752833e",e9d8bc5c-73e7-4735-be71-3f2f5893c8e5,1,"0.0.0.0",alice
"2036d069-6dfd-47f6-b6a9-aeed1fcaba9e","5d3b2e5c-8c64-46bc-bb7c-c197bb1e642b",2,"0.0.0.0",alice
"2ff1e319-7511-47a9-996a-22cab286b666",b6c1ca7e-40a8-4322-b83e-d0da892dd1df,2,"0.0.0.0",alice
"3730bde7-8c6c-4d45-a0e0-1fd4d1b4d1d3",b6c1ca7e-40a8-4322-b83e-d0da892dd1df,1,"0.0.0.0",alice
ed4b65b7-d17e-4663-b60f-111197100b1c,"7544eeab-22fa-4c9e-bb73-106b67e75be2",2,"0.0.0.0",alice
"20a9d72a-2248-4697-9ecb-8cab7db3d0b0",faaf2cee-d718-4b0e-8d6a-56633d0181d7,1,"0.0.0.0",alice
"3b4921e2-a317-4bbb-bbc9-0dddb2279aae",b6c1ca7e-40a8-4322-b83e-d0da892dd1df,2,"0.0.0.0",alice
"74478117-fc3a-4ebe-bf3c-1445d544c28a",e9d8bc5c-73e7-4735-be71-3f2f5893c8e5,1,"0.0.0.0",alice
ec1fc3a8-f1a9-4e41-a6b0-739f008b4931,"654d26ad-dd28-4097-86df-39508776d3ea",2,"0.0.0.0",alice
"4400ef4a-1b1d-4993-b878-cf2c4b2d875f",e9d8bc5c-73e7-4735-be71-3f2f5893c8e5,0,"0.0.0.0",alice
"596ff007-c419-4cae-bd82-fa318cc27feb",bb6625fd-7d5e-43a8-8709-ff55d3dce54e,2,"0.0.0.0",alice
"3e39ce13-9975-4024-8c3b-c9ec99a5ee1b",faaf2cee-d718-4b0e-8d6a-56633d0181d7,2,"0.0.0.0",alice
"37a8b48e-0d81-4c82-9f0e-c25cb54d83ce",b6c1ca7e-40a8-4322-b83e-d0da892dd1df,1,"0.0.0.0",alice
"83f129c9-9b36-4787-b789-e55e712feb6b",bb6625fd-7d5e-43a8-8709-ff55d3dce54e,2,"0.0.0.0",alice
b3a153bb-6259-44ec-a07a-bcde78b649b6,faaf2cee-d718-4b0e-8d6a-56633d0181d7,1,"0.0.0.0",alice
dfe88653-afce-4e07-8faf-018653d2e837,"7544eeab-22fa-4c9e-bb73-106b67e75be2",2,"0.0.0.0",alice
"10fea878-a1a1-4df6-b2b7-e70fe021955c","654d26ad-dd28-4097-86df-39508776d3ea",2,"0.0.0.0",alice
"58b3d14b-066d-4049-93c7-2c79a898459e","7544eeab-22fa-4c9e-bb73-106b67e75be2",2,"0.0.0.0",alice
"2e791fee-8d53-41c6-9450-56a2c272da00","5d3b2e5c-8c64-46bc-bb7c-c197bb1e642b",1,"0.0.0.0",alice
f9db1055-45c2-408a-8efc-1564eb610881,bb6625fd-7d5e-43a8-8709-ff55d3dce54e,2,"0.0.0.0",alice
"3986672d-51e0-4d27-b834-112d57728bc4",faaf2cee-d718-4b0e-8d6a-56633d0181d7,1,"0.0.0.0",alice
"20030e3d-c6a9-4d99-b9b7-f00bc1b69e42","7544eeab-22fa-4c9e-bb73-106b67e75be2",2,"0.0.0.0",alice
a7a68b9f-8f31-4196-95ab-b01a3310dfbf,faaf2cee-d718-4b0e-8d6a-56633d0181d7,2,"0.0.0.0",alice
d796db7f-f00a-42cb-8e63-90e101d0318c,faaf2cee-d718-4b0e-8d6a-56633d0181d7,2,"0.0.0.0",alice
"54d5c29d-6db5-4014-b392-b74aa4acffb2","32a9e6c3-bc2a-4b06-93e3-e8229ff7fd94",1,"0.0.0.0",alice
"8aaf7559-c759-4b51-b155-c8e9bebca40e",c9c33581-7574-4b5c-9fea-184977d30231,2,"0.0.0.0",alice
"0b142e70-545e-4d4e-9af7-05f00fbab5ed",faaf2cee-d718-4b0e-8d6a-56633d0181d7,2,"0.0.0.0",alice
"1086c213-11c0-4d70-9f38-bdf52617af41","5d3b2e5c-8c64-46bc-bb7c-c197bb1e642b",1,"0.0.0.0",alice
c38670d8-dbd5-4f93-8d46-4ae25792d064,b6c1ca7e-40a8-4322-b83e-d0da892dd1df,2,"0.0.0.0",alice
"2b4853d6-5847-4964-b23a-5c8af9324878","32a9e6c3-bc2a-4b06-93e3-e8229ff7fd94",1,"0.0.0.0",alice
"132d66ce-491d-4623-9248-ecbb782712bd","5d3b2e5c-8c64-46bc-bb7c-c197bb1e642b",2,"0.0.0.0",alice
"7be9198e-825b-415e-92ba-51d73d0ed365",faaf2cee-d718-4b0e-8d6a-56633d0181d7,1,"0.0.0.0",alice
a2b3c3fd-dc41-418b-80a5-ffc9fe72a07d,"5d3b2e5c-8c64-46bc-bb7c-c197bb1e642b",0,"0.0.0.0",alice
"000144f3-e8ad-4ef5-ae75-ade15c12138d","5d3b2e5c-8c64-46bc-bb7c-c197bb1e642b",2,"0.0.0.0",alice
"263c5a21-57f8-4a86-aabe-860909bc8405",bb6625fd-7d5e-43a8-8709-ff55d3dce54e,1,"0.0.0.0",alice
"238875aa-b75e-49a5-9c29-2caccdf3ea8d",e9d8bc5c-73e7-4735-be71-3f2f5893c8e5,1,"0.0.0.0",alice
c229d750-1ca0-45c3-89c9-9cac8d979661,bb6625fd-7d5e-43a8-8709-ff55d3dce54e,2,"0.0.0.0",alice
"81817461-97bb-4e8a-8760-55a5ff053a1d",b6c1ca7e-40a8-4322-b83e-d0da892dd1df,2,"0.0.0.0",alice
"622b9dae-410f-4387-afbe-5e51533d9b54","32a9e6c3-bc2a-4b06-93e3-e8229ff7fd94",1,"0.0.0.0",alice
ed44d057-f6ef-472c-8932-415b08bec0fe,"32a9e6c3-bc2a-4b06-93e3-e8229ff7fd94",2,"0.0.0.0",alice
bd09cd32-7644-4a80-b07c-4311b4674350,bb6625fd-7d5e-43a8-8709-ff55d3dce54e,2,"0.0.0.0",alice
"7940d316-1268-42e6-a6d6-e1015e76293a",e9d8bc5c-73e7-4735-be71-3f2f5893c8e5,2,"0.0.0.0",alice
"2ae3de29-9e41-4da6-9367-3776685f1b4e","654d26ad-dd28-4097-86df-39508776d3ea",0,"0.0.0.0",alice
"6b6ea663-59a7-4b1e-bedb-01f530e3dee4","654d26ad-dd28-4097-86df-39508776d3ea",2,"0.0.0.0",alice
"9ebb768c-ec26-4eca-ad3e-0e85ac73f0cb",b6c1ca7e-40a8-4322-b83e-d0da892dd1df,2,"0.0.0.0",alice
a039b153-c1a1-42d5-aa55-91d98399c690,bb6625fd-7d5e-43a8-8709-ff55d3dce54e,0,"0.0.0.0",alice
c85a499e-2030-4726-a90b-adc6aea8a4ad,"32a9e6c3-bc2a-4b06-93e3-e8229ff7fd94",1,"0.0.0.0",alice
"5c24fb53-90f2-4453-a2c9-f4aab8843358","32a9e6c3-bc2a-4b06-93e3-e8229ff7fd94",1,"0.0.0.0",alice
"13700591-7be4-4c75-9019-e9344b499602","7544eeab-22fa-4c9e-bb73-106b67e75be2",2,"0.0.0.0",alice
"1e78a0a7-6c91-45d1-aabd-71b2c6910c34",bb6625fd-7d5e-43a8-8709-ff55d3dce54e,2,"0.0.0.0",alice
b7811ab0-4eee-4b36-9992-90826b575ccb,"5d3b2e5c-8c64-46bc-bb7c-c197bb1e642b",1,"0.0.0.0",alice
"3dc98aa0-6381-4d9a-a5de-0526fd0ea603",b6c1ca7e-40a8-4322-b83e-d0da892dd1df,2,"0.0.0.0",alice
"222f31d6-2694-4805-93ae-3cf33840659e","654d26ad-dd28-4097-86df-39508776d3ea",2,"0.0.0.0",alice
bc103bf7-ec30-49bf-9f3e-1523f7c82a55,"7544eeab-22fa-4c9e-bb73-106b67e75be2",1,"0.0.0.0",alice
dcd452ce-2f50-4f9c-ae34-c3dee414b76a,e9d8bc5c-73e7-4735-be71-3f2f5893c8e5,1,"0.0.0.0",alice
"02507518-2458-4c98-87b4-29d7830bf218",b6c1ca7e-40a8-4322-b83e-d0da892dd1df,2,"0.0.0.0",alice
"5db858b6-4f71-41eb-95aa-c94ffe7dec5f",c9c33581-7574-4b5c-9fea-184977d30231,0,"0.0.0.0",alice
"4187d7bd-35af-497f-9459-dd1d1851c33f",faaf2cee-d718-4b0e-8d6a-56633d0181d7,2,"0.0.0.0",alice
b0c2c935-6cb2-4045-aa8e-a4daa072bded,faaf2cee-d718-4b0e-8d6a-56633d0181d7,1,"0.0.0.0",alice
"4b9993a1-48dc-4703-9997-62f9612b9460",b6c1ca7e-40a8-4322-b83e-d0da892dd1df,1,"0.0.0.0",alice
"51d9a308-05ea-4db2-ab04-d6a6f669c0c7",faaf2cee-d718-4b0e-8d6a-56633d0181d7,2,"0.0.0.0",alice
"0d10808e-3eb1-49d1-9e82-b73712ee6a5c","5d3b2e5c-8c64-46bc-bb7c-c197bb1e642b",2,"0.0.0.0",alice
"8070ebf0-4343-4ce6-bda6-ce3ef4ad9fcd","32a9e6c3-bc2a-4b06-93e3-e8229ff7fd94",1,"0.0.0.0",alice
"6259abf9-6849-440e-974c-9b06cdbcb4d6",b6c1ca7e-40a8-4322-b83e-d0da892dd1df,2,"0.0.0.0",alice
"98d2014d-e6af-4369-950f-b10606d1d1f9","5d3b2e5c-8c64-46bc-bb7c-c197bb1e642b",1,"0.0.0.0",alice
d5bc6fe9-352f-4ffb-beb8-792a1a48cf86,faaf2cee-d718-4b0e-8d6a-56633d0181d7,2,"0.0.0.0",alice
"2266b53d-2f5b-4316-b0c1-fe39fb605c14","654d26ad-dd28-4097-86df-39508776d3ea",2,"0.0.0.0",alice
"066b2325-e5ce-4cce-b0a9-dcacbfd336d3",c9c33581-7574-4b5c-9fea-184977d30231,2,"0.0.0.0",alice
d0a861ce-5467-4a72-a9ce-c1cb7a7ca302,c9c33581-7574-4b5c-9fea-184977d30231,1,"0.0.0.0",alice
"2bca9292-a3d4-406d-85d0-6f69a765a24d","654d26ad-dd28-4097-86df-39508776d3ea",2,"0.0.0.0",alice
a7c11450-6b00-4e90-9921-1b5a0a2bcab8,b6c1ca7e-40a8-4322-b83e-d0da892dd1df,2,"0.0.0.0",alice
a8a10f76-470c-49f8-9a19-b82a0a67d24f,faaf2cee-d718-4b0e-8d6a-56633d0181d7,1,"0.0.0.0",alice
"349e16a0-69f4-4128-afcd-ded6d818b01c","7544eeab-22fa-4c9e-bb73-106b67e75be2",2,"0.0.0.0",alice
"273e085e-a541-4858-b422-2783e0e897c0",c9c33581-7574-4b5c-9fea-184977d30231,0,"0.0.0.0",alice
"2f783f70-ff4d-4b84-a868-b29f960b88c9",bb6625fd-7d5e-43a8-8709-ff55d3dce54e,1,"0.0.0.0",alice
e11879c3-6e61-4d37-9f0d-536a04c1e1b7,"5d3b2e5c-8c64-46bc-bb7c-c197bb1e642b",1,"0.0.0.0",alice
"7942d2e0-6642-4f85-a18f-d54d6cd5e7ed",b6c1ca7e-40a8-4322-b83e-d0da892dd1df,2,"0.0.0.0",alice
"49257574-7e3c-4d14-8585-470b66b40de6",faaf2cee-d718-4b0e-8d6a-56633d0181d7,2,"0.0.0.0",alice
"77a5ff32-1381-415b-8abd-f4354c3cf88f",bb6625fd-7d5e-43a8-8709-ff55d3dce54e,0,"0.0.0.0",alice
e5bc920b-986b-438e-8e1b-44b4ecfa489b,"5d3b2e5c-8c64-46bc-bb7c-c197bb1e642b",1,"0.0.0.0",alice
"5c74c0e0-2c33-4559-94c6-f1199aa6c344",c9c33581-7574-4b5c-9fea-184977d30231,1,"0.0.0.0",alice
c90ab371-c829-4d0a-9806-b344f05e6d0f,"654d26ad-dd28-4097-86df-39508776d3ea",2,"0.0.0.0",alice
"9b08e4ed-8d7a-416f-80d1-54f1d1a3bdc6",e9d8bc5c-73e7-4735-be71-3f2f5893c8e5,2,"0.0.0.0",alice
"65a44242-3c43-4244-b5f4-dc9ac8243d16","32a9e6c3-bc2a-4b06-93e3-e8229ff7fd94",1,"0.0.0.0",alice
"7beb2100-408a-4c5c-837d-291ee3fd4ca1",bb6625fd-7d5e-43a8-8709-ff55d3dce54e,2,"0.0.0.0",alice
"4099dd44-4763-4147-a414-8084b56b2719","5d3b2e5c-8c64-46bc-bb7c-c197bb1e642b",1,"0.0.0.0",alice
"10fea878-a1a1-4df6-b2b7-e70fe021955c",faaf2cee-d718-4b0e-8d6a-56633d0181d7,2,"0.0.0.0",alice
"5106ad3b-88c2-4124-948d-d02799397208","7544eeab-22fa-4c9e-bb73-106b67e75be2",2,"0.0.0.0",alice
"9316ef47-9f00-44c5-927a-e0eed64ca506","654d26ad-dd28-4097-86df-39508776d3ea",2,"0.0.0.0",alice
"4eded5d5-a5ba-42d6-8f77-224b1c9bc587",b6c1ca7e-40a8-4322-b83e-d0da892dd1df,1,"0.0.0.0",alice
b725e936-b8d4-46a0-a770-45e7130f0599,bb6625fd-7d5e-43a8-8709-ff55d3dce54e,1,"0.0.0.0",alice
f318e014-60e5-447b-9218-e13d7378c49e,"32a9e6c3-bc2a-4b06-93e3-e8229ff7fd94",2,"0.0.0.0",alice
d4ba76b6-87d7-4851-a83c-7373d3a39ea9,faaf2cee-d718-4b0e-8d6a-56633d0181d7,2,"0.0.0.0",alice
"02da74c0-6a33-4817-a14d-823ecdb64c24","5d3b2e5c-8c64-46bc-bb7c-c197bb1e642b",1,"0.0.0.0",alice
ad23500c-a65b-4935-9cbf-d74ecb30ef86,faaf2cee-d718-4b0e-8d6a-56633d0181d7,1,"0.0.0.0",alice
cb1e255d-46a5-4956-af46-0dd838da5a2b,e9d8bc5c-73e7-4735-be71-3f2f5893c8e5,2,"0.0.0.0",alice
bf9aca34-2159-40a0-aec3-a48ae1445eab,b6c1ca7e-40a8-4322-b83e-d0da892dd1df,2,"0.0.0.0",alice
b44f8194-b079-4573-8ecd-f31576e8781a,"32a9e6c3-bc2a-4b06-93e3-e8229ff7fd94",1,"0.0.0.0",alice
"90151643-4e58-41c4-8ac1-d0ec96261345","5d3b2e5c-8c64-46bc-bb7c-c197bb1e642b",1,"0.0.0.0",alice
"7cfdb53e-34f9-4956-a816-6e2024b4fcd4",e9d8bc5c-73e7-4735-be71-3f2f5893c8e5,1,"0.0.0.0",alice
"3a003b16-9c3c-4993-ac2f-4cb6220566e2","654d26ad-dd28-4097-86df-39508776d3ea",2,"0.0.0.0",alice
"8f389765-89a4-45a8-a986-3f364ff3b272","654d26ad-dd28-4097-86df-39508776d3ea",1,"0.0.0.0",alice
"013df913-10e8-4ffa-8bf1-1d9f73c0391e",e9d8bc5c-73e7-4735-be71-3f2f5893c8e5,1,"0.0.0.0",alice
"751d6ddc-58a0-4d26-a40c-81ece34ba16a","7544eeab-22fa-4c9e-bb73-106b67e75be2",2,"0.0.0.0",alice
"6207398b-0688-4d56-aac9-fbf7fa508f45","5d3b2e5c-8c64-46bc-bb7c-c197bb1e642b",2,"0.0.0.0",alice
"9b777e7a-d561-48d8-9651-ede2509da863",e9d8bc5c-73e7-4735-be71-3f2f5893c8e5,2,"0.0.0.0",alice
"647037e3-1c02-4e6c-a670-21b3895767b0","5d3b2e5c-8c64-46bc-bb7c-c197bb1e642b",1,"0.0.0.0",alice
bb62e902-d325-4177-8167-4a98eaa49eab,b6c1ca7e-40a8-4322-b83e-d0da892dd1df,2,"0.0.0.0",alice
"3c51f937-d805-4072-86d2-5b6ab312f4a6",bb6625fd-7d5e-43a8-8709-ff55d3dce54e,2,"0.0.0.0",alice
"9d376adb-1e55-41e4-9655-13702fc9d6e7","654d26ad-dd28-4097-86df-39508776d3ea",2,"0.0.0.0",alice
"0c7da7d1-1cbe-4aa6-8ed5-6023131306e7","5d3b2e5c-8c64-46bc-bb7c-c197bb1e642b",2,"0.0.0.0",alice
"236c5a21-c0d4-4e63-9538-b45b0f9d6e84",b6c1ca7e-40a8-4322-b83e-d0da892dd1df,1,"0.0.0.0",alice
d9913e0b-0dff-4b80-ab68-ab39420e0f04,"5d3b2e5c-8c64-46bc-bb7c-c197bb1e642b",1,"0.0.0.0",alice
"46ad4888-db32-47d7-b003-5ea991bbdc8d","32a9e6c3-bc2a-4b06-93e3-e8229ff7fd94",2,"0.0.0.0",alice
"3a4b45f0-66ad-447c-aed7-4268bf3cc247","654d26ad-dd28-4097-86df-39508776d3ea",2,"0.0.0.0",alice
d4e9774d-9218-4301-8419-fd1a02135a2a,bb6625fd-7d5e-43a8-8709-ff55d3dce54e,2,"0.0.0.0",alice
"3ceb3f60-c021-4ff5-972a-5155d7c3209a","5d3b2e5c-8c64-46bc-bb7c-c197bb1e642b",1,"0.0.0.0",alice
"3a0feffa-c476-4662-bd48-15071aba8ccb",b6c1ca7e-40a8-4322-b83e-d0da892dd1df,2,"0.0.0.0",alice
"21dfdd59-88a8-4f95-ae80-c9c329df4e77","5d3b2e5c-8c64-46bc-bb7c-c197bb1e642b",2,"0.0.0.0",alice
"941e3c96-9b1b-4f13-89d7-d8297b01343f","654d26ad-dd28-4097-86df-39508776d3ea",2,"0.0.0.0",alice
"1e179c04-1ae3-41ea-9dd3-7a73d2ce400c",faaf2cee-d718-4b0e-8d6a-56633d0181d7,1,"0.0.0.0",alice
"63e1f65f-b381-434d-acb9-5c4c048d4b4d","32a9e6c3-bc2a-4b06-93e3-e8229ff7fd94",1,"0.0.0.0",alice
c9b97684-1bb5-4234-bced-092f36e7a75a,"5d3b2e5c-8c64-46bc-bb7c-c197bb1e642b",2,"0.0.0.0",alice
fec5265f-f8bb-4918-bd1c-91d5e27b2f54,"5d3b2e5c-8c64-46bc-bb7c-c197bb1e642b",1,"0.0.0.0",alice
"604a214d-7cfe-4c50-be7d-f0ffe83ec318","7544eeab-22fa-4c9e-bb73-106b67e75be2",1,"0.0.0.0",alice
"70a9c9c5-2f21-4be6-90af-f4016cddd251",b6c1ca7e-40a8-4322-b83e-d0da892dd1df,2,"0.0.0.0",alice
"6084d2cf-92a2-4a32-be39-5bd75ba5eeac",b6c1ca7e-40a8-4322-b83e-d0da892dd1df,2,"0.0.0.0",alice
b62af7ba-3734-40f8-90e9-0377c6e223f8,bb6625fd-7d5e-43a8-8709-ff55d3dce54e,2,"0.0.0.0",alice
"168fa3fa-0ce9-4366-a961-5bcb743ac26e","654d26ad-dd28-4097-86df-39508776d3ea",2,"0.0.0.0",alice
"3766bc6e-d876-4b82-836f-ff5f6922730a",b6c1ca7e-40a8-4322-b83e-d0da892dd1df,2,"0.0.0.0",alice
cae8aae5-b5cb-49da-bd6f-dae27a6a9d70,"5d3b2e5c-8c64-46bc-bb7c-c197bb1e642b",1,"0.0.0.0",alice
"595cfde8-732d-44a6-b3d3-869b951e2132","5d3b2e5c-8c64-46bc-bb7c-c197bb1e642b",1,"0.0.0.0",alice
"42361ec7-9830-427a-a722-611b1db9743a",faaf2cee-d718-4b0e-8d6a-56633d0181d7,1,"0.0.0.0",alice
"6712f992-b8e8-42a7-aee5-eb42cb07e0d2","32a9e6c3-bc2a-4b06-93e3-e8229ff7fd94",2,"0.0.0.0",alice
"94407f8b-38f6-4c66-835e-aebd2080d5c1","7544eeab-22fa-4c9e-bb73-106b67e75be2",2,"0.0.0.0",alice
ea0c2acd-d509-49ae-81ba-bcdae2a90fd0,"7544eeab-22fa-4c9e-bb73-106b67e75be2",2,"0.0.0.0",alice
f4f23549-1b5f-43cf-a0bd-496f292e1582,bb6625fd-7d5e-43a8-8709-ff55d3dce54e,2,"0.0.0.0",alice
"6c7b25d5-5bf4-4ffc-a4bd-5f4bdbbc4af7",faaf2cee-d718-4b0e-8d6a-56633d0181d7,1,"0.0.0.0",alice
"62a97c92-68c1-4fef-8fd5-787b1e96f516","32a9e6c3-bc2a-4b06-93e3-e8229ff7fd94",0,"0.0.0.0",alice
be4b6ce1-da3d-4413-82da-5cada7bf0070,"7544eeab-22fa-4c9e-bb73-106b67e75be2",1,"0.0.0.0",alice
"9777cccd-9b07-44f8-80b9-f0627072f4f0","7544eeab-22fa-4c9e-bb73-106b67e75be2",2,"0.0.0.0",alice
"9a54341b-2c3e-4400-a531-c83ec9875f6b","7544eeab-22fa-4c9e-bb73-106b67e75be2",1,"0.0.0.0",alice
a8338bdd-820b-40bb-aeac-ad6bb48149cf,bb6625fd-7d5e-43a8-8709-ff55d3dce54e,1,"0.0.0.0",alice
d4c944ad-f189-474f-932d-1e9307986d10,"5d3b2e5c-8c64-46bc-bb7c-c197bb1e642b",1,"0.0.0.0",alice
c3baf0b2-5617-4edb-81f5-5c7a104b1d3d,"5d3b2e5c-8c64-46bc-bb7c-c197bb1e642b",2,"0.0.0.0",alice
ca954b31-2dbd-4c45-b125-9093f857f8ec,"654d26ad-dd28-4097-86df-39508776d3ea",2,"0.0.0.0",alice
"2bded1ab-9f94-4ae8-834a-5b5dd72169b3",b6c1ca7e-40a8-4322-b83e-d0da892dd1df,2,"0.0.0.0",alice
b2fadd1e-93bc-490f-82ab-5e4c600bd697,e9d8bc5c-73e7-4735-be71-3f2f5893c8e5,1,"0.0.0.0",alice
"90ffeac5-c33c-4db4-bfe0-a43f6601c252",c9c33581-7574-4b5c-9fea-184977d30231,1,"0.0.0.0",alice
ba90d3a6-fb21-49d0-84eb-3a3e903862a0,"654d26ad-dd28-4097-86df-39508776d3ea",2,"0.0.0.0",alice
"2d084518-6fe7-4975-abe0-df8b5955232d",b6c1ca7e-40a8-4322-b83e-d0da892dd1df,2,"0.0.0.0",alice
"1475ea66-0ea3-4fb7-b8ed-136366d12723",c9c33581-7574-4b5c-9fea-184977d30231,1,"0.0.0.0",alice
"7d2cc646-d7a0-4a12-ba26-62a87360bc53",faaf2cee-d718-4b0e-8d6a-56633d0181d7,2,"0.0.0.0",alice
"4e788b27-4a72-4580-a82b-1138724f1866","7544eeab-22fa-4c9e-bb73-106b67e75be2",2,"0.0.0.0",alice
"81a14cde-e2fc-43cc-9a68-777f465bee05","7544eeab-22fa-4c9e-bb73-106b67e75be2",2,"0.0.0.0",alice
"6712f992-b8e8-42a7-aee5-eb42cb07e0d2","7544eeab-22fa-4c9e-bb73-106b67e75be2",2,"0.0.0.0",alice
"7b4d121c-4af7-4c91-98fd-f5a295e5993d",e9d8bc5c-73e7-4735-be71-3f2f5893c8e5,0,"0.0.0.0",alice
"9189f5d9-8b13-443e-898c-a4e0e66eb3e3","5d3b2e5c-8c64-46bc-bb7c-c197bb1e642b",1,"0.0.0.0",alice
"7571c876-7e6e-4221-9f58-8c4dc07b3f6f",bb6625fd-7d5e-43a8-8709-ff55d3dce54e,2,"0.0.0.0",alice
ef562df1-3814-477e-8933-9dbd935f3b4e,"7544eeab-22fa-4c9e-bb73-106b67e75be2",2,"0.0.0.0",alice
e21b26fc-592e-43a6-8b05-4d5e2aabe144,"32a9e6c3-bc2a-4b06-93e3-e8229ff7fd94",1,"0.0.0.0",alice
"43f48844-9bf1-4669-be1f-f3fd062cb29a",c9c33581-7574-4b5c-9fea-184977d30231,1,"0.0.0.0",alice
"46d5edf2-c05e-4efb-8d04-a1250379686d","7544eeab-22fa-4c9e-bb73-106b67e75be2",1,"0.0.0.0",alice
"57232976-ed3e-42e7-ad22-0a7f01e32195",b6c1ca7e-40a8-4322-b83e-d0da892dd1df,2,"0.0.0.0",alice
"7e58f796-0933-4fca-94b3-64e54508d105","654d26ad-dd28-4097-86df-39508776d3ea",2,"0.0.0.0",alice
e3a43593-3f87-416a-8c88-96e2cda2e42f,bb6625fd-7d5e-43a8-8709-ff55d3dce54e,0,"0.0.0.0",alice
"079ecc29-3fff-4a2a-8617-852f5a00d9f2",b6c1ca7e-40a8-4322-b83e-d0da892dd1df,2,"0.0.0.0",alice
"9e08a0af-735f-415c-9298-598568aa26fd","5d3b2e5c-8c64-46bc-bb7c-c197bb1e642b",2,"0.0.0.0",alice
fa2ca727-ef48-4fb8-9ac2-c0252c00de58,faaf2cee-d718-4b0e-8d6a-56633d0181d7,2,"0.0.0.0",alice
ed0ae8df-f5f1-4cb2-9546-0aaf226ce144,"7544eeab-22fa-4c9e-bb73-106b67e75be2",2,"0.0.0.0",alice
"40d27474-a5a0-4b35-8547-5cd756d216c1",c9c33581-7574-4b5c-9fea-184977d30231,2,"0.0.0.0",alice
cf75e50a-44a5-4a98-8186-a243da432d2e,"5d3b2e5c-8c64-46bc-bb7c-c197bb1e642b",1,"0.0.0.0",alice
a150ab68-2e2a-44a6-be95-94e54e5b2d19,e9d8bc5c-73e7-4735-be71-3f2f5893c8e5,1,"0.0.0.0",alice
"3e3ad88b-e697-4e5f-a03e-98ea333e76ab","5d3b2e5c-8c64-46bc-bb7c-c197bb1e642b",1,"0.0.0.0",alice
"4367aa87-ad07-455b-8a02-054bb5481ec4",faaf2cee-d718-4b0e-8d6a-56633d0181d7,1,"0.0.0.0",alice
b6751793-2e24-4f80-a925-53fb594da428,"654d26ad-dd28-4097-86df-39508776d3ea",1,"0.0.0.0",alice
f700104c-bb6c-41c2-9046-3dc1acb42f0e,c9c33581-7574-4b5c-9fea-184977d30231,1,"0.0.0.0",alice
b47180e1-fd94-4add-95f8-34132f2ea386,faaf2cee-d718-4b0e-8d6a-56633d0181d7,2,"0.0.0.0",alice
"61c41272-457b-4941-9117-70b236fd768f","32a9e6c3-bc2a-4b06-93e3-e8229ff7fd94",1,"0.0.0.0",alice
"65109733-7cda-49e8-b5f2-b193938a456c",b6c1ca7e-40a8-4322-b83e-d0da892dd1df,2,"0.0.0.0",alice
ac48283f-1d5d-4c53-9a13-bcc7868daa24,"654d26ad-dd28-4097-86df-39508776d3ea",2,"0.0.0.0",alice
"6c084aa1-d996-4dd6-b348-a5eb784155cf",faaf2cee-d718-4b0e-8d6a-56633d0181d7,1,"0.0.0.0",alice
"46d80de4-b7b5-4831-add3-0ead0e272f2a",c9c33581-7574-4b5c-9fea-184977d30231,2,"0.0.0.0",alice
"5adc3b52-87e6-4581-92d4-9ba99187c992",faaf2cee-d718-4b0e-8d6a-56633d0181d7,2,"0.0.0.0",alice
c219332c-4be4-4774-86ef-0b771bb5a9e4,"654d26ad-dd28-4097-86df-39508776d3ea",2,"0.0.0.0",alice
"238ebc1e-cc13-4610-a453-901394f71914",e9d8bc5c-73e7-4735-be71-3f2f5893c8e5,0,"0.0.0.0",alice
"4b970987-2395-4945-b21b-ec642b992182","5d3b2e5c-8c64-46bc-bb7c-c197bb1e642b",1,"0.0.0.0",alice
"9441b63f-2aed-4107-be80-42d53ccc578f",faaf2cee-d718-4b0e-8d6a-56633d0181d7,2,"0.0.0.0",alice
"0380828e-fb89-4b83-aad1-57ea45032d6f","5d3b2e5c-8c64-46bc-bb7c-c197bb1e642b",1,"0.0.0.0",alice
efc66662-312e-4a62-94c7-41ae0f04684d,faaf2cee-d718-4b0e-8d6a-56633d0181d7,2,"0.0.0.0",alice
bb873085-ca33-4d99-9815-2d6826dcb175,faaf2cee-d718-4b0e-8d6a-56633d0181d7,2,"0.0.0.0",alice
eea306b9-92c4-45c4-b4d2-804bef615e3d,bb6625fd-7d5e-43a8-8709-ff55d3dce54e,2,"0.0.0.0",alice
"27e3d71b-3440-4d75-a2b6-4952baf9b613","5d3b2e5c-8c64-46bc-bb7c-c197bb1e642b",1,"0.0.0.0",alice
"2b269b0e-61eb-4f9b-a246-b94fcc44fb68",faaf2cee-d718-4b0e-8d6a-56633d0181d7,1,"0.0.0.0",alice
"12015777-1fa1-43d4-8e07-c3100d201844","32a9e6c3-bc2a-4b06-93e3-e8229ff7fd94",1,"0.0.0.0",alice
"1e78a0a7-6c91-45d1-aabd-71b2c6910c34",faaf2cee-d718-4b0e-8d6a-56633d0181d7,1,"0.0.0.0",alice
e018a229-2122-4090-b6d5-af7cea622668,c9c33581-7574-4b5c-9fea-184977d30231,2,"0.0.0.0",alice
b5e3913d-82ae-4af9-9c48-e3eb3940b467,"7544eeab-22fa-4c9e-bb73-106b67e75be2",2,"0.0.0.0",alice
ba6b68fb-7c10-4f4e-89db-0f0c173651eb,"5d3b2e5c-8c64-46bc-bb7c-c197bb1e642b",1,"0.0.0.0",alice
aeb452e8-16cb-4661-b7a5-9bc1c886d2a9,bb6625fd-7d5e-43a8-8709-ff55d3dce54e,1,"0.0.0.0",alice
abee15f1-5254-48fd-a371-2cebdd056d17,bb6625fd-7d5e-43a8-8709-ff55d3dce54e,2,"0.0.0.0",alice
a34a0753-847e-4ee2-a268-2380249be4aa,e9d8bc5c-73e7-4735-be71-3f2f5893c8e5,1,"0.0.0.0",alice
b8419f14-f2aa-40a4-8503-aa7e09b500be,c9c33581-7574-4b5c-9fea-184977d30231,0,"0.0.0.0",alice
"9c9158cd-f398-4cb6-a879-2d54cef014c7","654d26ad-dd28-4097-86df-39508776d3ea",2,"0.0.0.0",alice
